index,value
0,2.0
1,3.0
2,5.0
3,7.0
4,11.0
5,13.0
6,17.0
7,19.0
8,23.0
9,29.0
10,31.0
11,37.0
12,41.0
13,43.0
14,47.0
15,53.0
16,59.0
17,61.0
18,67.0
19,71.0
20,73.0
21,79.0
22,83.0
23,89.0
24,97.0
25,1.0
26,3.0
27,7.0
28,9.0
29,13.0
30,27.0
31,31.0
32,37.0
33,39.0
34,49.0
35,51.0
36,57.0
37,63.0
38,67.0
39,73.0
40,79.0
41,81.0
42,91.0
43,93.0
44,97.0
45,99.0
46,11.0
47,23.0
48,27.0
49,29.0
50,33.0
51,39.0
52,41.0
53,51.0
54,57.0
55,63.0
56,69.0
57,71.0
58,77.0
59,81.0
60,83.0
61,93.0
62,7.0
63,11.0
64,13.0
65,17.0
66,31.0
67,37.0
68,47.0
69,49.0
70,53.0
71,59.0
72,67.0
73,73.0
74,79.0
75,83.0
76,89.0
77,97.0
78,1.0
79,9.0
80,19.0
81,21.0
82,31.0
83,33.0
84,39.0
85,43.0
86,49.0
87,57.0
88,61.0
89,63.0
90,67.0
91,79.0
92,87.0
93,91.0
94,99.0
95,3.0
96,9.0
97,21.0
98,23.0
99,41.0
100,47.0
101,57.0
102,63.0
103,69.0
104,71.0
105,77.0
106,87.0
107,93.0
108,99.0
109,1.0
110,7.0
111,13.0
112,17.0
113,19.0
114,31.0
115,41.0
116,43.0
117,47.0
118,53.0
119,59.0
120,61.0
121,73.0
122,77.0
123,83.0
124,91.0
125,1.0
126,9.0
127,19.0
128,27.0
129,33.0
130,39.0
131,43.0
132,51.0
133,57.0
134,61.0
135,69.0
136,73.0
137,87.0
138,97.0
139,9.0
140,11.0
141,21.0
142,23.0
143,27.0
144,29.0
145,39.0
146,53.0
147,57.0
148,59.0
149,63.0
150,77.0
151,81.0
152,83.0
153,87.0
154,7.0
155,11.0
156,19.0
157,29.0
158,37.0
159,41.0
160,47.0
161,53.0
162,67.0
163,71.0
164,77.0
165,83.0
166,91.0
167,97.0
168,9.0
169,13.0
170,19.0
171,21.0
172,31.0
173,33.0
174,39.0
175,49.0
176,51.0
177,61.0
178,63.0
179,69.0
180,87.0
181,91.0
182,93.0
183,97.0
184,3.0
185,9.0
186,17.0
187,23.0
188,29.0
189,51.0
190,53.0
191,63.0
192,71.0
193,81.0
194,87.0
195,93.0
196,1.0
197,13.0
198,17.0
199,23.0
200,29.0
201,31.0
202,37.0
203,49.0
204,59.0
205,77.0
206,79.0
207,83.0
208,89.0
209,91.0
210,97.0
211,1.0
212,3.0
213,7.0
214,19.0
215,21.0
216,27.0
217,61.0
218,67.0
219,73.0
220,81.0
221,99.0
222,9.0
223,23.0
224,27.0
225,29.0
226,33.0
227,39.0
228,47.0
229,51.0
230,53.0
231,59.0
232,71.0
233,81.0
234,83.0
235,87.0
236,89.0
237,93.0
238,99.0
239,11.0
240,23.0
241,31.0
242,43.0
243,49.0
244,53.0
245,59.0
246,67.0
247,71.0
248,79.0
249,83.0
250,97.0
251,1.0
252,7.0
253,9.0
254,13.0
255,19.0
256,21.0
257,27.0
258,37.0
259,57.0
260,63.0
261,67.0
262,69.0
263,93.0
264,97.0
265,99.0
266,9.0
267,21.0
268,23.0
269,33.0
270,41.0
271,47.0
272,53.0
273,59.0
274,77.0
275,83.0
276,87.0
277,89.0
278,1.0
279,11.0
280,23.0
281,31.0
282,47.0
283,61.0
284,67.0
285,71.0
286,73.0
287,77.0
288,79.0
289,89.0
290,1.0
291,7.0
292,13.0
293,31.0
294,33.0
295,49.0
296,51.0
297,73.0
298,79.0
299,87.0
300,93.0
301,97.0
302,99.0
303,3.0
304,11.0
305,17.0
306,27.0
307,29.0
308,39.0
309,53.0
310,63.0
311,69.0
312,81.0
313,83.0
314,87.0
315,89.0
316,99.0
317,11.0
318,13.0
319,29.0
320,31.0
321,37.0
322,41.0
323,43.0
324,53.0
325,61.0
326,79.0
327,3.0
328,7.0
329,13.0
330,21.0
331,37.0
332,39.0
333,43.0
334,51.0
335,67.0
336,69.0
337,73.0
338,81.0
339,87.0
340,93.0
341,97.0
342,9.0
343,11.0
344,33.0
345,39.0
346,41.0
347,47.0
348,51.0
349,57.0
350,71.0
351,77.0
352,81.0
353,83.0
354,89.0
355,93.0
356,99.0
357,11.0
358,17.0
359,23.0
360,37.0
361,41.0
362,47.0
363,59.0
364,67.0
365,73.0
366,77.0
367,3.0
368,21.0
369,31.0
370,39.0
371,43.0
372,49.0
373,51.0
374,57.0
375,79.0
376,91.0
377,93.0
378,9.0
379,17.0
380,21.0
381,33.0
382,47.0
383,57.0
384,59.0
385,63.0
386,71.0
387,77.0
388,83.0
389,87.0
390,89.0
391,93.0
392,99.0
393,7.0
394,11.0
395,13.0
396,19.0
397,29.0
398,31.0
399,41.0
400,49.0
401,53.0
402,67.0
403,77.0
404,89.0
405,91.0
406,97.0
407,1.0
408,3.0
409,19.0
410,33.0
411,37.0
412,43.0
413,51.0
414,57.0
415,61.0
416,79.0
417,87.0
418,97.0
419,3.0
420,9.0
421,17.0
422,27.0
423,39.0
424,53.0
425,57.0
426,63.0
427,69.0
428,71.0
429,99.0
430,1.0
431,11.0
432,19.0
433,23.0
434,37.0
435,41.0
436,49.0
437,61.0
438,67.0
439,79.0
440,83.0
441,89.0
442,9.0
443,19.0
444,21.0
445,37.0
446,63.0
447,67.0
448,69.0
449,81.0
450,87.0
451,91.0
452,3.0
453,9.0
454,17.0
455,21.0
456,29.0
457,51.0
458,53.0
459,57.0
460,59.0
461,71.0
462,99.0
463,1.0
464,7.0
465,13.0
466,19.0
467,23.0
468,29.0
469,31.0
470,43.0
471,47.0
472,59.0
473,61.0
474,71.0
475,73.0
476,89.0
477,91.0
478,7.0
479,13.0
480,33.0
481,49.0
482,57.0
483,61.0
484,63.0
485,67.0
486,69.0
487,91.0
488,99.0
489,11.0
490,17.0
491,27.0
492,29.0
493,33.0
494,39.0
495,41.0
496,47.0
497,57.0
498,59.0
499,71.0
500,81.0
501,83.0
502,93.0
503,7.0
504,13.0
505,17.0
506,23.0
507,31.0
508,37.0
509,43.0
510,59.0
511,71.0
512,73.0
513,77.0
514,91.0
515,97.0
516,1.0
517,9.0
518,19.0
519,27.0
520,33.0
521,39.0
522,61.0
523,67.0
524,69.0
525,79.0
526,93.0
527,97.0
528,3.0
529,21.0
530,23.0
531,33.0
532,47.0
533,51.0
534,53.0
535,63.0
536,77.0
537,81.0
538,89.0
539,7.0
540,11.0
541,17.0
542,19.0
543,23.0
544,29.0
545,31.0
546,43.0
547,47.0
548,67.0
549,89.0
550,1.0
551,3.0
552,7.0
553,13.0
554,19.0
555,21.0
556,27.0
557,49.0
558,51.0
559,57.0
560,73.0
561,79.0
562,91.0
563,93.0
564,99.0
565,11.0
566,27.0
567,29.0
568,33.0
569,39.0
570,53.0
571,57.0
572,59.0
573,77.0
574,1.0
575,11.0
576,17.0
577,19.0
578,29.0
579,31.0
580,41.0
581,43.0
582,53.0
583,59.0
584,61.0
585,71.0
586,73.0
587,83.0
588,89.0
589,97.0
590,27.0
591,37.0
592,39.0
593,49.0
594,57.0
595,63.0
596,73.0
597,91.0
598,97.0
599,9.0
600,21.0
601,23.0
602,41.0
603,47.0
604,51.0
605,57.0
606,63.0
607,81.0
608,83.0
609,93.0
610,7.0
611,13.0
612,17.0
613,19.0
614,23.0
615,47.0
616,49.0
617,61.0
618,67.0
619,83.0
620,91.0
621,97.0
622,3.0
623,21.0
624,37.0
625,39.0
626,43.0
627,49.0
628,51.0
629,57.0
630,63.0
631,73.0
632,79.0
633,91.0
634,3.0
635,21.0
636,23.0
637,29.0
638,33.0
639,51.0
640,59.0
641,83.0
642,87.0
643,89.0
644,93.0
645,99.0
646,1.0
647,13.0
648,17.0
649,31.0
650,61.0
651,71.0
652,77.0
653,89.0
654,3.0
655,9.0
656,19.0
657,31.0
658,33.0
659,37.0
660,43.0
661,51.0
662,57.0
663,67.0
664,69.0
665,73.0
666,87.0
667,93.0
668,99.0
669,3.0
670,9.0
671,11.0
672,21.0
673,23.0
674,39.0
675,51.0
676,59.0
677,77.0
678,81.0
679,87.0
680,99.0
681,1.0
682,7.0
683,13.0
684,19.0
685,47.0
686,53.0
687,67.0
688,71.0
689,79.0
690,89.0
691,97.0
692,9.0
693,27.0
694,31.0
695,33.0
696,37.0
697,61.0
698,73.0
699,79.0
700,81.0
701,97.0
702,3.0
703,9.0
704,23.0
705,33.0
706,47.0
707,51.0
708,81.0
709,87.0
710,93.0
711,99.0
712,7.0
713,13.0
714,17.0
715,19.0
716,31.0
717,37.0
718,41.0
719,43.0
720,49.0
721,71.0
722,77.0
723,79.0
724,83.0
725,1.0
726,3.0
727,7.0
728,19.0
729,21.0
730,27.0
731,31.0
732,57.0
733,63.0
734,69.0
735,73.0
736,81.0
737,91.0
738,23.0
739,39.0
740,41.0
741,47.0
742,51.0
743,53.0
744,57.0
745,59.0
746,69.0
747,83.0
748,89.0
749,93.0
750,1.0
751,11.0
752,17.0
753,37.0
754,41.0
755,43.0
756,49.0
757,79.0
758,83.0
759,91.0
760,1.0
761,7.0
762,13.0
763,21.0
764,27.0
765,39.0
766,43.0
767,49.0
768,51.0
769,57.0
770,61.0
771,67.0
772,69.0
773,79.0
774,81.0
775,97.0
776,3.0
777,23.0
778,27.0
779,39.0
780,53.0
781,81.0
782,87.0
783,7.0
784,11.0
785,29.0
786,37.0
787,43.0
788,47.0
789,53.0
790,67.0
791,73.0
792,79.0
793,89.0
794,91.0
795,1.0
796,13.0
797,21.0
798,31.0
799,33.0
800,43.0
801,51.0
802,63.0
803,73.0
804,97.0
805,99.0
806,3.0
807,11.0
808,17.0
809,21.0
810,29.0
811,47.0
812,57.0
813,63.0
814,69.0
815,71.0
816,77.0
817,87.0
818,99.0
819,1.0
820,11.0
821,17.0
822,23.0
823,29.0
824,37.0
825,43.0
826,53.0
827,59.0
828,61.0
829,67.0
830,73.0
831,79.0
832,89.0
833,97.0
834,21.0
835,27.0
836,49.0
837,51.0
838,69.0
839,73.0
840,81.0
841,91.0
842,21.0
843,29.0
844,47.0
845,51.0
846,53.0
847,63.0
848,69.0
849,71.0
850,77.0
851,81.0
852,99.0
853,7.0
854,19.0
855,37.0
856,53.0
857,59.0
858,61.0
859,73.0
860,79.0
861,89.0
862,91.0
863,1.0
864,3.0
865,9.0
866,19.0
867,33.0
868,37.0
869,61.0
870,63.0
871,79.0
872,81.0
873,91.0
874,93.0
875,3.0
876,23.0
877,27.0
878,29.0
879,33.0
880,41.0
881,57.0
882,63.0
883,69.0
884,71.0
885,83.0
886,99.0
887,7.0
888,11.0
889,17.0
890,47.0
891,49.0
892,59.0
893,61.0
894,67.0
895,71.0
896,77.0
897,83.0
898,91.0
899,97.0
900,1.0
901,13.0
902,19.0
903,27.0
904,39.0
905,43.0
906,57.0
907,69.0
908,79.0
909,3.0
910,9.0
911,21.0
912,27.0
913,29.0
914,51.0
915,59.0
916,77.0
917,87.0
918,93.0
919,7.0
920,11.0
921,13.0
922,19.0
923,29.0
924,37.0
925,43.0
926,47.0
927,53.0
928,83.0
929,97.0
930,7.0
931,9.0
932,21.0
933,31.0
934,33.0
935,49.0
936,51.0
937,69.0
938,93.0
939,11.0
940,17.0
941,33.0
942,51.0
943,57.0
944,59.0
945,77.0
946,81.0
947,87.0
948,89.0
949,99.0
950,7.0
951,17.0
952,23.0
953,29.0
954,37.0
955,41.0
956,47.0
957,49.0
958,59.0
959,61.0
960,73.0
961,77.0
962,83.0
963,89.0
964,91.0
965,3.0
966,7.0
967,21.0
968,39.0
969,43.0
970,49.0
971,69.0
972,73.0
973,81.0
974,87.0
975,91.0
976,99.0
977,3.0
978,17.0
979,23.0
980,27.0
981,41.0
982,53.0
983,57.0
984,59.0
985,89.0
986,93.0
987,17.0
988,23.0
989,29.0
990,41.0
991,53.0
992,67.0
993,73.0
994,77.0
995,79.0
996,83.0
997,1.0
998,7.0
999,19.0
1000,27.0
1001,33.0
1002,37.0
1003,49.0
1004,51.0
1005,63.0
1006,93.0
1007,9.0
1008,11.0
1009,17.0
1010,39.0
1011,53.0
1012,59.0
1013,69.0
1014,81.0
1015,87.0
1016,89.0
1017,93.0
1018,1.0
1019,11.0
1020,17.0
1021,23.0
1022,47.0
1023,61.0
1024,67.0
1025,71.0
1026,79.0
1027,91.0
1028,9.0
1029,19.0
1030,21.0
1031,31.0
1032,33.0
1033,37.0
1034,43.0
1035,63.0
1036,69.0
1037,73.0
1038,87.0
1039,91.0
1040,93.0
1041,97.0
1042,11.0
1043,17.0
1044,29.0
1045,53.0
1046,63.0
1047,69.0
1048,77.0
1049,87.0
1050,89.0
1051,19.0
1052,23.0
1053,29.0
1054,31.0
1055,43.0
1056,47.0
1057,61.0
1058,67.0
1059,1.0
1060,13.0
1061,21.0
1062,27.0
1063,37.0
1064,39.0
1065,43.0
1066,63.0
1067,73.0
1068,81.0
1069,97.0
1070,99.0
1071,9.0
1072,23.0
1073,27.0
1074,29.0
1075,41.0
1076,47.0
1077,63.0
1078,69.0
1079,77.0
1080,81.0
1081,89.0
1082,93.0
1083,99.0
1084,7.0
1085,13.0
1086,19.0
1087,31.0
1088,37.0
1089,41.0
1090,47.0
1091,53.0
1092,61.0
1093,79.0
1094,83.0
1095,3.0
1096,7.0
1097,19.0
1098,21.0
1099,31.0
1100,37.0
1101,39.0
1102,49.0
1103,61.0
1104,63.0
1105,67.0
1106,87.0
1107,93.0
1108,23.0
1109,29.0
1110,33.0
1111,41.0
1112,51.0
1113,63.0
1114,69.0
1115,71.0
1116,99.0
1117,1.0
1118,7.0
1119,11.0
1120,13.0
1121,29.0
1122,41.0
1123,43.0
1124,49.0
1125,59.0
1126,67.0
1127,91.0
1128,3.0
1129,9.0
1130,27.0
1131,33.0
1132,37.0
1133,51.0
1134,57.0
1135,61.0
1136,73.0
1137,81.0
1138,87.0
1139,99.0
1140,3.0
1141,9.0
1142,21.0
1143,27.0
1144,39.0
1145,41.0
1146,57.0
1147,77.0
1148,81.0
1149,83.0
1150,93.0
1151,11.0
1152,19.0
1153,23.0
1154,37.0
1155,41.0
1156,43.0
1157,49.0
1158,71.0
1159,77.0
1160,91.0
1161,97.0
1162,3.0
1163,13.0
1164,19.0
1165,21.0
1166,31.0
1167,33.0
1168,37.0
1169,39.0
1170,61.0
1171,63.0
1172,67.0
1173,73.0
1174,79.0
1175,91.0
1176,97.0
1177,11.0
1178,21.0
1179,33.0
1180,39.0
1181,47.0
1182,51.0
1183,87.0
1184,1.0
1185,13.0
1186,19.0
1187,23.0
1188,29.0
1189,31.0
1190,43.0
1191,49.0
1192,61.0
1193,77.0
1194,79.0
1195,89.0
1196,97.0
1197,19.0
1198,21.0
1199,33.0
1200,39.0
1201,43.0
1202,49.0
1203,67.0
1204,69.0
1205,81.0
1206,87.0
1207,91.0
1208,3.0
1209,11.0
1210,17.0
1211,29.0
1212,33.0
1213,39.0
1214,51.0
1215,57.0
1216,59.0
1217,71.0
1218,83.0
1219,87.0
1220,1.0
1221,7.0
1222,23.0
1223,29.0
1224,31.0
1225,41.0
1226,49.0
1227,67.0
1228,73.0
1229,7.0
1230,9.0
1231,37.0
1232,39.0
1233,61.0
1234,67.0
1235,69.0
1236,79.0
1237,91.0
1238,93.0
1239,99.0
1240,3.0
1241,11.0
1242,33.0
1243,39.0
1244,41.0
1245,51.0
1246,59.0
1247,63.0
1248,69.0
1249,77.0
1250,81.0
1251,93.0
1252,11.0
1253,23.0
1254,43.0
1255,47.0
1256,53.0
1257,59.0
1258,67.0
1259,71.0
1260,73.0
1261,89.0
1262,1.0
1263,3.0
1264,13.0
1265,21.0
1266,31.0
1267,33.0
1268,37.0
1269,43.0
1270,57.0
1271,69.0
1272,91.0
1273,99.0
1274,27.0
1275,29.0
1276,33.0
1277,53.0
1278,57.0
1279,59.0
1280,63.0
1281,77.0
1282,87.0
1283,99.0
1284,1.0
1285,13.0
1286,29.0
1287,31.0
1288,59.0
1289,67.0
1290,89.0
1291,97.0
1292,1.0
1293,7.0
1294,13.0
1295,27.0
1296,31.0
1297,39.0
1298,51.0
1299,57.0
1300,63.0
1301,67.0
1302,87.0
1303,91.0
1304,9.0
1305,11.0
1306,23.0
1307,29.0
1308,33.0
1309,39.0
1310,53.0
1311,71.0
1312,81.0
1313,89.0
1314,99.0
1315,31.0
1316,37.0
1317,47.0
1318,53.0
1319,59.0
1320,61.0
1321,67.0
1322,83.0
1323,89.0
1324,91.0
1325,3.0
1326,9.0
1327,37.0
1328,39.0
1329,49.0
1330,57.0
1331,73.0
1332,79.0
1333,87.0
1334,93.0
1335,3.0
1336,27.0
1337,47.0
1338,57.0
1339,59.0
1340,69.0
1341,71.0
1342,83.0
1343,87.0
1344,93.0
1345,13.0
1346,17.0
1347,19.0
1348,31.0
1349,49.0
1350,59.0
1351,61.0
1352,71.0
1353,73.0
1354,77.0
1355,97.0
1356,13.0
1357,39.0
1358,43.0
1359,51.0
1360,57.0
1361,61.0
1362,73.0
1363,79.0
1364,87.0
1365,99.0
1366,11.0
1367,17.0
1368,21.0
1369,29.0
1370,51.0
1371,53.0
1372,69.0
1373,83.0
1374,93.0
1375,99.0
1376,11.0
1377,23.0
1378,37.0
1379,43.0
1380,47.0
1381,67.0
1382,71.0
1383,83.0
1384,89.0
1385,91.0
1386,97.0
1387,3.0
1388,19.0
1389,27.0
1390,49.0
1391,51.0
1392,79.0
1393,87.0
1394,93.0
1395,97.0
1396,17.0
1397,21.0
1398,33.0
1399,57.0
1400,77.0
1401,81.0
1402,89.0
1403,99.0
1404,1.0
1405,17.0
1406,19.0
1407,31.0
1408,43.0
1409,77.0
1410,79.0
1411,83.0
1412,89.0
1413,1.0
1414,7.0
1415,13.0
1416,21.0
1417,27.0
1418,31.0
1419,33.0
1420,39.0
1421,63.0
1422,67.0
1423,87.0
1424,97.0
1425,3.0
1426,9.0
1427,23.0
1428,27.0
1429,33.0
1430,39.0
1431,41.0
1432,53.0
1433,59.0
1434,69.0
1435,71.0
1436,81.0
1437,87.0
1438,7.0
1439,11.0
1440,37.0
1441,41.0
1442,43.0
1443,49.0
1444,71.0
1445,73.0
1446,97.0
1447,1.0
1448,7.0
1449,9.0
1450,13.0
1451,19.0
1452,43.0
1453,49.0
1454,57.0
1455,61.0
1456,63.0
1457,97.0
1458,3.0
1459,11.0
1460,27.0
1461,39.0
1462,41.0
1463,51.0
1464,53.0
1465,63.0
1466,69.0
1467,77.0
1468,81.0
1469,89.0
1470,1.0
1471,23.0
1472,29.0
1473,43.0
1474,47.0
1475,73.0
1476,77.0
1477,79.0
1478,91.0
1479,1.0
1480,9.0
1481,13.0
1482,21.0
1483,33.0
1484,37.0
1485,51.0
1486,57.0
1487,73.0
1488,79.0
1489,87.0
1490,91.0
1491,97.0
1492,3.0
1493,11.0
1494,17.0
1495,27.0
1496,39.0
1497,41.0
1498,47.0
1499,53.0
1500,69.0
1501,77.0
1502,83.0
1503,89.0
1504,1.0
1505,11.0
1506,13.0
1507,19.0
1508,37.0
1509,41.0
1510,47.0
1511,53.0
1512,59.0
1513,71.0
1514,89.0
1515,97.0
1516,3.0
1517,13.0
1518,21.0
1519,39.0
1520,43.0
1521,57.0
1522,63.0
1523,81.0
1524,91.0
1525,99.0
1526,9.0
1527,21.0
1528,23.0
1529,29.0
1530,41.0
1531,53.0
1532,89.0
1533,93.0
1534,99.0
1535,7.0
1536,11.0
1537,17.0
1538,19.0
1539,23.0
1540,41.0
1541,53.0
1542,59.0
1543,67.0
1544,73.0
1545,79.0
1546,83.0
1547,1.0
1548,3.0
1549,7.0
1550,9.0
1551,33.0
1552,37.0
1553,43.0
1554,49.0
1555,63.0
1556,93.0
1557,99.0
1558,3.0
1559,9.0
1560,21.0
1561,27.0
1562,47.0
1563,51.0
1564,59.0
1565,63.0
1566,71.0
1567,77.0
1568,83.0
1569,87.0
1570,17.0
1571,19.0
1572,29.0
1573,41.0
1574,49.0
1575,59.0
1576,67.0
1577,91.0
1578,97.0
1579,9.0
1580,13.0
1581,27.0
1582,31.0
1583,37.0
1584,39.0
1585,67.0
1586,81.0
1587,97.0
1588,99.0
1589,11.0
1590,17.0
1591,21.0
1592,41.0
1593,51.0
1594,57.0
1595,63.0
1596,69.0
1597,77.0
1598,87.0
1599,99.0
1600,13.0
1601,23.0
1602,37.0
1603,53.0
1604,67.0
1605,77.0
1606,91.0
1607,97.0
1608,13.0
1609,19.0
1610,27.0
1611,33.0
1612,49.0
1613,69.0
1614,79.0
1615,81.0
1616,87.0
1617,91.0
1618,93.0
1619,97.0
1620,9.0
1621,11.0
1622,21.0
1623,23.0
1624,29.0
1625,51.0
1626,57.0
1627,59.0
1628,63.0
1629,81.0
1630,89.0
1631,99.0
1632,7.0
1633,29.0
1634,31.0
1635,41.0
1636,59.0
1637,73.0
1638,77.0
1639,79.0
1640,83.0
1641,1.0
1642,3.0
1643,7.0
1644,13.0
1645,21.0
1646,31.0
1647,33.0
1648,63.0
1649,67.0
1650,97.0
1651,99.0
1652,9.0
1653,11.0
1654,29.0
1655,33.0
1656,51.0
1657,57.0
1658,71.0
1659,81.0
1660,83.0
1661,87.0
1662,7.0
1663,43.0
1664,49.0
1665,53.0
1666,59.0
1667,73.0
1668,77.0
1669,97.0
1670,7.0
1671,21.0
1672,43.0
1673,49.0
1674,51.0
1675,81.0
1676,93.0
1677,3.0
1678,21.0
1679,23.0
1680,27.0
1681,41.0
1682,47.0
1683,69.0
1684,87.0
1685,89.0
1686,1.0
1687,7.0
1688,11.0
1689,19.0
1690,23.0
1691,31.0
1692,37.0
1693,47.0
1694,49.0
1695,61.0
1696,79.0
1697,89.0
1698,3.0
1699,19.0
1700,33.0
1701,37.0
1702,43.0
1703,49.0
1704,51.0
1705,57.0
1706,61.0
1707,63.0
1708,91.0
1709,93.0
1710,21.0
1711,27.0
1712,29.0
1713,33.0
1714,39.0
1715,53.0
1716,57.0
1717,69.0
1718,83.0
1719,99.0
1720,13.0
1721,17.0
1722,23.0
1723,31.0
1724,37.0
1725,41.0
1726,47.0
1727,53.0
1728,59.0
1729,67.0
1730,71.0
1731,79.0
1732,83.0
1733,97.0
1734,13.0
1735,21.0
1736,27.0
1737,31.0
1738,43.0
1739,51.0
1740,67.0
1741,69.0
1742,79.0
1743,87.0
1744,91.0
1745,97.0
1746,23.0
1747,29.0
1748,39.0
1749,47.0
1750,51.0
1751,57.0
1752,69.0
1753,83.0
1754,13.0
1755,17.0
1756,31.0
1757,53.0
1758,61.0
1759,73.0
1760,77.0
1761,83.0
1762,91.0
1763,1.0
1764,7.0
1765,21.0
1766,31.0
1767,37.0
1768,39.0
1769,49.0
1770,61.0
1771,73.0
1772,87.0
1773,93.0
1774,99.0
1775,17.0
1776,27.0
1777,33.0
1778,41.0
1779,59.0
1780,63.0
1781,69.0
1782,71.0
1783,77.0
1784,87.0
1785,89.0
1786,99.0
1787,7.0
1788,13.0
1789,19.0
1790,29.0
1791,31.0
1792,49.0
1793,59.0
1794,61.0
1795,73.0
1796,77.0
1797,83.0
1798,91.0
1799,1.0
1800,13.0
1801,27.0
1802,39.0
1803,43.0
1804,51.0
1805,61.0
1806,67.0
1807,73.0
1808,93.0
1809,97.0
1810,11.0
1811,27.0
1812,41.0
1813,51.0
1814,59.0
1815,69.0
1816,81.0
1817,83.0
1818,1.0
1819,7.0
1820,19.0
1821,29.0
1822,41.0
1823,43.0
1824,47.0
1825,49.0
1826,61.0
1827,67.0
1828,71.0
1829,79.0
1830,83.0
1831,27.0
1832,31.0
1833,33.0
1834,37.0
1835,39.0
1836,49.0
1837,61.0
1838,67.0
1839,73.0
1840,87.0
1841,91.0
1842,97.0
1843,3.0
1844,9.0
1845,17.0
1846,23.0
1847,59.0
1848,77.0
1849,81.0
1850,87.0
1851,89.0
1852,1.0
1853,7.0
1854,13.0
1855,19.0
1856,23.0
1857,37.0
1858,59.0
1859,71.0
1860,73.0
1861,91.0
1862,1.0
1863,7.0
1864,33.0
1865,57.0
1866,61.0
1867,63.0
1868,67.0
1869,69.0
1870,73.0
1871,87.0
1872,91.0
1873,97.0
1874,3.0
1875,11.0
1876,27.0
1877,39.0
1878,41.0
1879,83.0
1880,87.0
1881,89.0
1882,93.0
1883,17.0
1884,23.0
1885,29.0
1886,31.0
1887,49.0
1888,53.0
1889,67.0
1890,73.0
1891,1.0
1892,19.0
1893,33.0
1894,39.0
1895,49.0
1896,61.0
1897,63.0
1898,69.0
1899,81.0
1900,11.0
1901,17.0
1902,21.0
1903,27.0
1904,33.0
1905,47.0
1906,51.0
1907,53.0
1908,77.0
1909,81.0
1910,87.0
1911,93.0
1912,19.0
1913,29.0
1914,47.0
1915,53.0
1916,61.0
1917,67.0
1918,73.0
1919,3.0
1920,7.0
1921,19.0
1922,31.0
1923,33.0
1924,49.0
1925,51.0
1926,57.0
1927,61.0
1928,73.0
1929,91.0
1930,93.0
1931,99.0
1932,3.0
1933,29.0
1934,41.0
1935,47.0
1936,59.0
1937,63.0
1938,87.0
1939,11.0
1940,23.0
1941,29.0
1942,31.0
1943,43.0
1944,71.0
1945,79.0
1946,83.0
1947,89.0
1948,1.0
1949,3.0
1950,21.0
1951,27.0
1952,31.0
1953,37.0
1954,43.0
1955,63.0
1956,79.0
1957,81.0
1958,87.0
1959,93.0
1960,11.0
1961,21.0
1962,27.0
1963,29.0
1964,33.0
1965,41.0
1966,47.0
1967,53.0
1968,77.0
1969,93.0
1970,99.0
1971,7.0
1972,17.0
1973,23.0
1974,37.0
1975,59.0
1976,67.0
1977,83.0
1978,89.0
1979,91.0
1980,3.0
1981,7.0
1982,9.0
1983,31.0
1984,39.0
1985,57.0
1986,91.0
1987,93.0
1988,99.0
1989,17.0
1990,21.0
1991,27.0
1992,33.0
1993,41.0
1994,51.0
1995,59.0
1996,77.0
1997,83.0
1998,87.0
1999,89.0
2000,93.0
2001,1.0
2002,17.0
2003,19.0
2004,31.0
2005,43.0
2006,49.0
2007,67.0
2008,71.0
2009,77.0
2010,83.0
2011,89.0
2012,91.0
2013,97.0
2014,9.0
2015,19.0
2016,39.0
2017,51.0
2018,69.0
2019,73.0
2020,79.0
2021,81.0
2022,97.0
2023,99.0
2024,9.0
2025,23.0
2026,27.0
2027,57.0
2028,59.0
2029,69.0
2030,81.0
2031,83.0
2032,7.0
2033,13.0
2034,29.0
2035,37.0
2036,47.0
2037,49.0
2038,61.0
2039,83.0
2040,89.0
2041,91.0
2042,7.0
2043,27.0
2044,37.0
2045,39.0
2046,51.0
2047,63.0
2048,81.0
2049,91.0
2050,3.0
2051,9.0
2052,11.0
2053,21.0
2054,23.0
2055,29.0
2056,39.0
2057,57.0
2058,59.0
2059,71.0
2060,77.0
2061,81.0
2062,87.0
2063,89.0
2064,13.0
2065,41.0
2066,43.0
2067,47.0
2068,49.0
2069,59.0
2070,61.0
2071,77.0
2072,89.0
2073,97.0
2074,19.0
2075,21.0
2076,27.0
2077,31.0
2078,33.0
2079,43.0
2080,49.0
2081,69.0
2082,81.0
2083,91.0
2084,99.0
2085,11.0
2086,17.0
2087,23.0
2088,29.0
2089,33.0
2090,51.0
2091,53.0
2092,57.0
2093,69.0
2094,87.0
2095,89.0
2096,1.0
2097,7.0
2098,11.0
2099,13.0
2100,29.0
2101,41.0
2102,53.0
2103,67.0
2104,71.0
2105,79.0
2106,97.0
2107,1.0
2108,13.0
2109,27.0
2110,33.0
2111,39.0
2112,43.0
2113,51.0
2114,57.0
2115,61.0
2116,81.0
2117,93.0
2118,3.0
2119,17.0
2120,21.0
2121,23.0
2122,39.0
2123,41.0
2124,53.0
2125,83.0
2126,87.0
2127,93.0
2128,17.0
2129,37.0
2130,61.0
2131,71.0
2132,79.0
2133,91.0
2134,1.0
2135,13.0
2136,19.0
2137,31.0
2138,43.0
2139,49.0
2140,57.0
2141,73.0
2142,87.0
2143,93.0
2144,97.0
2145,3.0
2146,39.0
2147,59.0
2148,69.0
2149,99.0
2150,11.0
2151,13.0
2152,17.0
2153,19.0
2154,47.0
2155,59.0
2156,73.0
2157,79.0
2158,1.0
2159,9.0
2160,13.0
2161,31.0
2162,37.0
2163,51.0
2164,69.0
2165,73.0
2166,79.0
2167,81.0
2168,87.0
2169,21.0
2170,39.0
2171,41.0
2172,57.0
2173,63.0
2174,81.0
2175,83.0
2176,7.0
2177,11.0
2178,13.0
2179,19.0
2180,31.0
2181,37.0
2182,49.0
2183,59.0
2184,67.0
2185,73.0
2186,89.0
2187,1.0
2188,9.0
2189,19.0
2190,33.0
2191,73.0
2192,79.0
2193,81.0
2194,87.0
2195,91.0
2196,3.0
2197,17.0
2198,21.0
2199,23.0
2200,27.0
2201,29.0
2202,33.0
2203,41.0
2204,47.0
2205,57.0
2206,63.0
2207,69.0
2208,71.0
2209,77.0
2210,83.0
2211,89.0
2212,1.0
2213,7.0
2214,31.0
2215,41.0
2216,43.0
2217,53.0
2218,59.0
2219,71.0
2220,77.0
2221,83.0
2222,97.0
2223,3.0
2224,9.0
2225,61.0
2226,81.0
2227,87.0
2228,97.0
2229,99.0
2230,9.0
2231,17.0
2232,27.0
2233,39.0
2234,51.0
2235,53.0
2236,59.0
2237,63.0
2238,77.0
2239,93.0
2240,1.0
2241,13.0
2242,19.0
2243,41.0
2244,43.0
2245,53.0
2246,61.0
2247,67.0
2248,89.0
2249,91.0
2250,13.0
2251,19.0
2252,27.0
2253,37.0
2254,49.0
2255,61.0
2256,63.0
2257,73.0
2258,79.0
2259,91.0
2260,93.0
2261,97.0
2262,11.0
2263,21.0
2264,23.0
2265,29.0
2266,47.0
2267,51.0
2268,63.0
2269,71.0
2270,89.0
2271,1.0
2272,7.0
2273,13.0
2274,17.0
2275,23.0
2276,29.0
2277,43.0
2278,47.0
2279,49.0
2280,61.0
2281,73.0
2282,77.0
2283,83.0
2284,1.0
2285,19.0
2286,31.0
2287,33.0
2288,49.0
2289,61.0
2290,69.0
2291,87.0
2292,97.0
2293,23.0
2294,27.0
2295,33.0
2296,41.0
2297,47.0
2298,53.0
2299,57.0
2300,59.0
2301,69.0
2302,89.0
2303,93.0
2304,99.0
2305,7.0
2306,11.0
2307,31.0
2308,41.0
2309,43.0
2310,77.0
2311,79.0
2312,83.0
2313,7.0
2314,9.0
2315,21.0
2316,33.0
2317,43.0
2318,49.0
2319,51.0
2320,63.0
2321,93.0
2322,99.0
2323,11.0
2324,27.0
2325,39.0
2326,41.0
2327,63.0
2328,81.0
2329,93.0
2330,7.0
2331,17.0
2332,19.0
2333,31.0
2334,43.0
2335,47.0
2336,49.0
2337,53.0
2338,59.0
2339,71.0
2340,73.0
2341,89.0
2342,7.0
2343,9.0
2344,49.0
2345,57.0
2346,73.0
2347,79.0
2348,87.0
2349,97.0
2350,99.0
2351,3.0
2352,21.0
2353,29.0
2354,39.0
2355,47.0
2356,59.0
2357,63.0
2358,81.0
2359,83.0
2360,1.0
2361,11.0
2362,13.0
2363,17.0
2364,19.0
2365,23.0
2366,31.0
2367,59.0
2368,61.0
2369,67.0
2370,89.0
2371,1.0
2372,7.0
2373,21.0
2374,39.0
2375,43.0
2376,49.0
2377,57.0
2378,63.0
2379,69.0
2380,79.0
2381,87.0
2382,91.0
2383,93.0
2384,11.0
2385,21.0
2386,27.0
2387,47.0
2388,69.0
2389,77.0
2390,83.0
2391,13.0
2392,17.0
2393,19.0
2394,23.0
2395,41.0
2396,47.0
2397,77.0
2398,79.0
2399,83.0
2400,91.0
2401,97.0
2402,1.0
2403,7.0
2404,19.0
2405,33.0
2406,67.0
2407,81.0
2408,87.0
2409,91.0
2410,93.0
2411,99.0
2412,3.0
2413,17.0
2414,21.0
2415,23.0
2416,29.0
2417,57.0
2418,59.0
2419,63.0
2420,69.0
2421,77.0
2422,87.0
2423,89.0
2424,99.0
2425,1.0
2426,11.0
2427,13.0
2428,17.0
2429,47.0
2430,49.0
2431,61.0
2432,73.0
2433,83.0
2434,1.0
2435,13.0
2436,27.0
2437,37.0
2438,39.0
2439,51.0
2440,57.0
2441,67.0
2442,73.0
2443,87.0
2444,99.0
2445,3.0
2446,17.0
2447,21.0
2448,39.0
2449,41.0
2450,51.0
2451,59.0
2452,63.0
2453,71.0
2454,81.0
2455,93.0
2456,11.0
2457,29.0
2458,37.0
2459,43.0
2460,61.0
2461,77.0
2462,91.0
2463,97.0
2464,3.0
2465,13.0
2466,27.0
2467,31.0
2468,37.0
2469,39.0
2470,51.0
2471,63.0
2472,67.0
2473,73.0
2474,79.0
2475,91.0
2476,93.0
2477,9.0
2478,11.0
2479,23.0
2480,29.0
2481,33.0
2482,47.0
2483,53.0
2484,57.0
2485,59.0
2486,71.0
2487,89.0
2488,93.0
2489,29.0
2490,47.0
2491,59.0
2492,71.0
2493,73.0
2494,77.0
2495,79.0
2496,83.0
2497,91.0
2498,3.0
2499,7.0
2500,43.0
2501,49.0
2502,67.0
2503,69.0
2504,81.0
2505,91.0
2506,97.0
2507,9.0
2508,33.0
2509,41.0
2510,47.0
2511,53.0
2512,69.0
2513,81.0
2514,83.0
2515,1.0
2516,11.0
2517,31.0
2518,41.0
2519,43.0
2520,49.0
2521,67.0
2522,71.0
2523,73.0
2524,13.0
2525,19.0
2526,21.0
2527,37.0
2528,39.0
2529,43.0
2530,51.0
2531,69.0
2532,79.0
2533,91.0
2534,97.0
2535,99.0
2536,9.0
2537,17.0
2538,21.0
2539,27.0
2540,39.0
2541,41.0
2542,51.0
2543,69.0
2544,77.0
2545,83.0
2546,87.0
2547,7.0
2548,11.0
2549,17.0
2550,53.0
2551,59.0
2552,61.0
2553,71.0
2554,77.0
2555,1.0
2556,7.0
2557,21.0
2558,37.0
2559,43.0
2560,61.0
2561,63.0
2562,73.0
2563,93.0
2564,3.0
2565,11.0
2566,17.0
2567,21.0
2568,27.0
2569,29.0
2570,39.0
2571,41.0
2572,53.0
2573,57.0
2574,59.0
2575,63.0
2576,71.0
2577,81.0
2578,87.0
2579,99.0
2580,17.0
2581,31.0
2582,43.0
2583,59.0
2584,67.0
2585,73.0
2586,89.0
2587,97.0
2588,1.0
2589,3.0
2590,9.0
2591,27.0
2592,51.0
2593,69.0
2594,79.0
2595,91.0
2596,93.0
2597,97.0
2598,11.0
2599,21.0
2600,27.0
2601,33.0
2602,39.0
2603,57.0
2604,69.0
2605,71.0
2606,99.0
2607,17.0
2608,31.0
2609,47.0
2610,59.0
2611,73.0
2612,97.0
2613,9.0
2614,31.0
2615,37.0
2616,39.0
2617,49.0
2618,57.0
2619,61.0
2620,63.0
2621,67.0
2622,81.0
2623,93.0
2624,99.0
2625,3.0
2626,9.0
2627,23.0
2628,27.0
2629,29.0
2630,33.0
2631,63.0
2632,69.0
2633,71.0
2634,77.0
2635,87.0
2636,89.0
2637,19.0
2638,41.0
2639,43.0
2640,47.0
2641,53.0
2642,61.0
2643,67.0
2644,73.0
2645,89.0
2646,1.0
2647,13.0
2648,19.0
2649,27.0
2650,31.0
2651,33.0
2652,57.0
2653,69.0
2654,73.0
2655,79.0
2656,87.0
2657,93.0
2658,99.0
2659,9.0
2660,11.0
2661,17.0
2662,29.0
2663,57.0
2664,71.0
2665,77.0
2666,81.0
2667,93.0
2668,1.0
2669,7.0
2670,19.0
2671,23.0
2672,29.0
2673,43.0
2674,49.0
2675,61.0
2676,71.0
2677,77.0
2678,83.0
2679,91.0
2680,97.0
2681,3.0
2682,7.0
2683,9.0
2684,13.0
2685,21.0
2686,33.0
2687,37.0
2688,51.0
2689,69.0
2690,79.0
2691,81.0
2692,97.0
2693,3.0
2694,23.0
2695,29.0
2696,39.0
2697,47.0
2698,51.0
2699,81.0
2700,17.0
2701,29.0
2702,37.0
2703,59.0
2704,71.0
2705,73.0
2706,79.0
2707,91.0
2708,7.0
2709,13.0
2710,19.0
2711,21.0
2712,39.0
2713,43.0
2714,69.0
2715,73.0
2716,81.0
2717,99.0
2718,9.0
2719,17.0
2720,27.0
2721,33.0
2722,47.0
2723,51.0
2724,71.0
2725,93.0
2726,11.0
2727,23.0
2728,31.0
2729,59.0
2730,71.0
2731,77.0
2732,83.0
2733,91.0
2734,97.0
2735,9.0
2736,33.0
2737,49.0
2738,63.0
2739,67.0
2740,81.0
2741,93.0
2742,99.0
2743,9.0
2744,21.0
2745,41.0
2746,47.0
2747,51.0
2748,59.0
2749,77.0
2750,89.0
2751,7.0
2752,17.0
2753,19.0
2754,23.0
2755,43.0
2756,53.0
2757,67.0
2758,71.0
2759,77.0
2760,79.0
2761,89.0
2762,13.0
2763,31.0
2764,33.0
2765,37.0
2766,57.0
2767,73.0
2768,87.0
2769,97.0
2770,11.0
2771,17.0
2772,21.0
2773,27.0
2774,47.0
2775,53.0
2776,63.0
2777,69.0
2778,71.0
2779,83.0
2780,89.0
2781,19.0
2782,29.0
2783,37.0
2784,43.0
2785,47.0
2786,53.0
2787,61.0
2788,1.0
2789,3.0
2790,7.0
2791,9.0
2792,21.0
2793,39.0
2794,43.0
2795,49.0
2796,57.0
2797,67.0
2798,73.0
2799,91.0
2800,9.0
2801,11.0
2802,23.0
2803,39.0
2804,47.0
2805,53.0
2806,57.0
2807,63.0
2808,69.0
2809,71.0
2810,23.0
2811,37.0
2812,41.0
2813,61.0
2814,77.0
2815,79.0
2816,83.0
2817,89.0
2818,1.0
2819,3.0
2820,9.0
2821,21.0
2822,33.0
2823,39.0
2824,43.0
2825,57.0
2826,67.0
2827,73.0
2828,79.0
2829,93.0
2830,3.0
2831,17.0
2832,33.0
2833,41.0
2834,47.0
2835,59.0
2836,63.0
2837,71.0
2838,93.0
2839,99.0
2840,1.0
2841,19.0
2842,41.0
2843,47.0
2844,49.0
2845,67.0
2846,73.0
2847,89.0
2848,3.0
2849,13.0
2850,19.0
2851,31.0
2852,33.0
2853,39.0
2854,43.0
2855,51.0
2856,69.0
2857,81.0
2858,97.0
2859,99.0
2860,3.0
2861,17.0
2862,21.0
2863,29.0
2864,41.0
2865,53.0
2866,83.0
2867,99.0
2868,7.0
2869,11.0
2870,13.0
2871,19.0
2872,41.0
2873,53.0
2874,61.0
2875,71.0
2876,77.0
2877,83.0
2878,89.0
2879,3.0
2880,9.0
2881,27.0
2882,37.0
2883,49.0
2884,51.0
2885,61.0
2886,63.0
2887,67.0
2888,93.0
2889,97.0
2890,9.0
2891,17.0
2892,21.0
2893,39.0
2894,47.0
2895,57.0
2896,71.0
2897,87.0
2898,93.0
2899,99.0
2900,7.0
2901,17.0
2902,23.0
2903,31.0
2904,37.0
2905,49.0
2906,59.0
2907,79.0
2908,89.0
2909,97.0
2910,1.0
2911,13.0
2912,39.0
2913,57.0
2914,61.0
2915,73.0
2916,91.0
2917,97.0
2918,27.0
2919,33.0
2920,41.0
2921,47.0
2922,69.0
2923,81.0
2924,83.0
2925,87.0
2926,93.0
2927,99.0
2928,1.0
2929,11.0
2930,13.0
2931,17.0
2932,23.0
2933,29.0
2934,31.0
2935,37.0
2936,59.0
2937,77.0
2938,83.0
2939,1.0
2940,13.0
2941,21.0
2942,33.0
2943,39.0
2944,49.0
2945,61.0
2946,63.0
2947,79.0
2948,81.0
2949,91.0
2950,93.0
2951,3.0
2952,21.0
2953,27.0
2954,47.0
2955,51.0
2956,53.0
2957,59.0
2958,81.0
2959,87.0
2960,93.0
2961,11.0
2962,17.0
2963,31.0
2964,43.0
2965,59.0
2966,61.0
2967,67.0
2968,73.0
2969,77.0
2970,91.0
2971,3.0
2972,7.0
2973,9.0
2974,27.0
2975,43.0
2976,79.0
2977,91.0
2978,97.0
2979,11.0
2980,39.0
2981,41.0
2982,53.0
2983,59.0
2984,71.0
2985,77.0
2986,81.0
2987,83.0
2988,99.0
2989,29.0
2990,37.0
2991,61.0
2992,67.0
2993,97.0
2994,7.0
2995,9.0
2996,27.0
2997,31.0
2998,37.0
2999,49.0
3000,57.0
3001,79.0
3002,81.0
3003,87.0
3004,9.0
3005,27.0
3006,29.0
3007,39.0
3008,41.0
3009,51.0
3010,81.0
3011,83.0
3012,11.0
3013,17.0
3014,31.0
3015,47.0
3016,53.0
3017,73.0
3018,89.0
3019,91.0
3020,97.0
3021,1.0
3022,33.0
3023,37.0
3024,39.0
3025,43.0
3026,49.0
3027,51.0
3028,63.0
3029,67.0
3030,73.0
3031,79.0
3032,91.0
3033,93.0
3034,99.0
3035,3.0
3036,9.0
3037,17.0
3038,23.0
3039,27.0
3040,47.0
3041,51.0
3042,83.0
3043,93.0
3044,1.0
3045,17.0
3046,19.0
3047,41.0
3048,43.0
3049,47.0
3050,53.0
3051,61.0
3052,67.0
3053,83.0
3054,97.0
3055,1.0
3056,19.0
3057,27.0
3058,31.0
3059,51.0
3060,57.0
3061,69.0
3062,81.0
3063,87.0
3064,97.0
3065,99.0
3066,9.0
3067,11.0
3068,23.0
3069,51.0
3070,63.0
3071,81.0
3072,83.0
3073,1.0
3074,11.0
3075,19.0
3076,29.0
3077,77.0
3078,79.0
3079,83.0
3080,89.0
3081,97.0
3082,7.0
3083,9.0
3084,19.0
3085,49.0
3086,51.0
3087,87.0
3088,93.0
3089,3.0
3090,9.0
3091,11.0
3092,29.0
3093,33.0
3094,39.0
3095,47.0
3096,63.0
3097,77.0
3098,93.0
3099,99.0
3100,13.0
3101,17.0
3102,37.0
3103,41.0
3104,47.0
3105,49.0
3106,59.0
3107,71.0
3108,73.0
3109,79.0
3110,91.0
3111,97.0
3112,3.0
3113,7.0
3114,19.0
3115,21.0
3116,27.0
3117,31.0
3118,43.0
3119,49.0
3120,57.0
3121,61.0
3122,63.0
3123,69.0
3124,87.0
3125,97.0
3126,3.0
3127,11.0
3128,23.0
3129,29.0
3130,51.0
3131,53.0
3132,59.0
3133,71.0
3134,89.0
3135,93.0
3136,7.0
3137,13.0
3138,17.0
3139,37.0
3140,43.0
3141,59.0
3142,67.0
3143,71.0
3144,79.0
3145,1.0
3146,9.0
3147,21.0
3148,27.0
3149,33.0
3150,49.0
3151,61.0
3152,79.0
3153,9.0
3154,17.0
3155,21.0
3156,23.0
3157,27.0
3158,33.0
3159,59.0
3160,63.0
3161,77.0
3162,1.0
3163,23.0
3164,29.0
3165,31.0
3166,37.0
3167,47.0
3168,53.0
3169,67.0
3170,73.0
3171,79.0
3172,91.0
3173,1.0
3174,7.0
3175,9.0
3176,21.0
3177,31.0
3178,43.0
3179,51.0
3180,69.0
3181,87.0
3182,97.0
3183,3.0
3184,11.0
3185,27.0
3186,33.0
3187,39.0
3188,47.0
3189,63.0
3190,83.0
3191,87.0
3192,89.0
3193,99.0
3194,1.0
3195,11.0
3196,23.0
3197,29.0
3198,37.0
3199,43.0
3200,53.0
3201,73.0
3202,83.0
3203,1.0
3204,27.0
3205,31.0
3206,37.0
3207,67.0
3208,69.0
3209,73.0
3210,81.0
3211,87.0
3212,99.0
3213,11.0
3214,29.0
3215,33.0
3216,41.0
3217,63.0
3218,69.0
3219,71.0
3220,83.0
3221,17.0
3222,23.0
3223,41.0
3224,53.0
3225,59.0
3226,61.0
3227,89.0
3228,3.0
3229,19.0
3230,33.0
3231,37.0
3232,51.0
3233,63.0
3234,67.0
3235,73.0
3236,79.0
3237,81.0
3238,17.0
3239,21.0
3240,27.0
3241,47.0
3242,59.0
3243,83.0
3244,89.0
3245,11.0
3246,13.0
3247,29.0
3248,47.0
3249,59.0
3250,71.0
3251,89.0
3252,91.0
3253,97.0
3254,3.0
3255,9.0
3256,13.0
3257,19.0
3258,33.0
3259,37.0
3260,39.0
3261,61.0
3262,69.0
3263,81.0
3264,87.0
3265,97.0
3266,3.0
3267,11.0
3268,23.0
3269,41.0
3270,53.0
3271,59.0
3272,69.0
3273,71.0
3274,93.0
3275,7.0
3276,13.0
3277,19.0
3278,23.0
3279,41.0
3280,47.0
3281,67.0
3282,89.0
3283,91.0
3284,3.0
3285,27.0
3286,31.0
3287,49.0
3288,67.0
3289,69.0
3290,91.0
3291,93.0
3292,97.0
3293,9.0
3294,17.0
3295,29.0
3296,39.0
3297,53.0
3298,57.0
3299,59.0
3300,77.0
3301,93.0
3302,31.0
3303,37.0
3304,43.0
3305,49.0
3306,61.0
3307,71.0
3308,77.0
3309,89.0
3310,97.0
3311,3.0
3312,7.0
3313,13.0
3314,27.0
3315,57.0
3316,63.0
3317,73.0
3318,81.0
3319,3.0
3320,9.0
3321,17.0
3322,29.0
3323,39.0
3324,41.0
3325,51.0
3326,53.0
3327,59.0
3328,69.0
3329,71.0
3330,81.0
3331,93.0
3332,11.0
3333,31.0
3334,37.0
3335,41.0
3336,49.0
3337,71.0
3338,77.0
3339,83.0
3340,13.0
3341,19.0
3342,33.0
3343,39.0
3344,51.0
3345,63.0
3346,69.0
3347,79.0
3348,81.0
3349,91.0
3350,21.0
3351,23.0
3352,39.0
3353,47.0
3354,51.0
3355,53.0
3356,59.0
3357,77.0
3358,81.0
3359,83.0
3360,89.0
3361,93.0
3362,19.0
3363,23.0
3364,31.0
3365,37.0
3366,47.0
3367,49.0
3368,53.0
3369,59.0
3370,67.0
3371,71.0
3372,77.0
3373,7.0
3374,19.0
3375,21.0
3376,27.0
3377,33.0
3378,37.0
3379,57.0
3380,79.0
3381,87.0
3382,91.0
3383,93.0
3384,97.0
3385,69.0
3386,77.0
3387,81.0
3388,89.0
3389,11.0
3390,13.0
3391,17.0
3392,31.0
3393,41.0
3394,43.0
3395,47.0
3396,67.0
3397,73.0
3398,83.0
3399,1.0
3400,7.0
3401,27.0
3402,43.0
3403,49.0
3404,57.0
3405,63.0
3406,67.0
3407,87.0
3408,99.0
3409,21.0
3410,23.0
3411,27.0
3412,29.0
3413,41.0
3414,51.0
3415,69.0
3416,71.0
3417,93.0
3418,99.0
3419,17.0
3420,47.0
3421,49.0
3422,59.0
3423,73.0
3424,83.0
3425,91.0
3426,7.0
3427,57.0
3428,63.0
3429,73.0
3430,81.0
3431,91.0
3432,3.0
3433,9.0
3434,27.0
3435,29.0
3436,51.0
3437,57.0
3438,59.0
3439,63.0
3440,69.0
3441,77.0
3442,83.0
3443,89.0
3444,99.0
3445,17.0
3446,19.0
3447,41.0
3448,43.0
3449,59.0
3450,73.0
3451,83.0
3452,89.0
3453,91.0
3454,3.0
3455,13.0
3456,33.0
3457,37.0
3458,51.0
3459,57.0
3460,61.0
3461,97.0
3462,99.0
3463,3.0
3464,9.0
3465,21.0
3466,23.0
3467,27.0
3468,41.0
3469,53.0
3470,59.0
3471,63.0
3472,69.0
3473,71.0
3474,77.0
3475,81.0
3476,1.0
3477,11.0
3478,13.0
3479,23.0
3480,29.0
3481,41.0
3482,43.0
3483,67.0
3484,79.0
3485,91.0
3486,97.0
3487,3.0
3488,7.0
3489,31.0
3490,33.0
3491,37.0
3492,61.0
3493,63.0
3494,69.0
3495,73.0
3496,79.0
3497,87.0
3498,3.0
3499,9.0
3500,11.0
3501,21.0
3502,33.0
3503,47.0
3504,53.0
3505,87.0
3506,93.0
3507,7.0
3508,13.0
3509,17.0
3510,19.0
3511,49.0
3512,71.0
3513,79.0
3514,83.0
3515,89.0
3516,97.0
3517,1.0
3518,3.0
3519,31.0
3520,33.0
3521,39.0
3522,43.0
3523,69.0
3524,87.0
3525,9.0
3526,11.0
3527,17.0
3528,33.0
3529,39.0
3530,41.0
3531,57.0
3532,69.0
3533,71.0
3534,83.0
3535,87.0
3536,93.0
3537,99.0
3538,13.0
3539,23.0
3540,29.0
3541,37.0
3542,49.0
3543,53.0
3544,71.0
3545,73.0
3546,83.0
3547,91.0
3548,7.0
3549,13.0
3550,19.0
3551,49.0
3552,51.0
3553,61.0
3554,79.0
3555,81.0
3556,91.0
3557,99.0
3558,3.0
3559,11.0
3560,23.0
3561,47.0
3562,87.0
3563,89.0
3564,1.0
3565,11.0
3566,17.0
3567,29.0
3568,31.0
3569,43.0
3570,47.0
3571,49.0
3572,53.0
3573,59.0
3574,77.0
3575,91.0
3576,3.0
3577,9.0
3578,13.0
3579,27.0
3580,57.0
3581,61.0
3582,69.0
3583,79.0
3584,87.0
3585,93.0
3586,3.0
3587,21.0
3588,29.0
3589,33.0
3590,47.0
3591,63.0
3592,69.0
3593,77.0
3594,81.0
3595,87.0
3596,89.0
3597,99.0
3598,1.0
3599,13.0
3600,17.0
3601,19.0
3602,23.0
3603,29.0
3604,37.0
3605,41.0
3606,47.0
3607,79.0
3608,3.0
3609,13.0
3610,21.0
3611,39.0
3612,49.0
3613,51.0
3614,57.0
3615,67.0
3616,69.0
3617,73.0
3618,91.0
3619,97.0
3620,9.0
3621,11.0
3622,27.0
3623,29.0
3624,51.0
3625,57.0
3626,63.0
3627,71.0
3628,89.0
3629,93.0
3630,11.0
3631,23.0
3632,31.0
3633,37.0
3634,41.0
3635,61.0
3636,67.0
3637,97.0
3638,19.0
3639,31.0
3640,33.0
3641,39.0
3642,57.0
3643,61.0
3644,23.0
3645,27.0
3646,29.0
3647,41.0
3648,47.0
3649,57.0
3650,59.0
3651,71.0
3652,83.0
3653,11.0
3654,13.0
3655,17.0
3656,31.0
3657,53.0
3658,59.0
3659,61.0
3660,67.0
3661,73.0
3662,83.0
3663,97.0
3664,1.0
3665,3.0
3666,13.0
3667,19.0
3668,27.0
3669,37.0
3670,51.0
3671,61.0
3672,67.0
3673,69.0
3674,81.0
3675,3.0
3676,21.0
3677,29.0
3678,39.0
3679,57.0
3680,69.0
3681,71.0
3682,83.0
3683,87.0
3684,99.0
3685,1.0
3686,11.0
3687,13.0
3688,19.0
3689,37.0
3690,43.0
3691,49.0
3692,83.0
3693,89.0
3694,91.0
3695,3.0
3696,7.0
3697,13.0
3698,31.0
3699,49.0
3700,51.0
3701,67.0
3702,73.0
3703,79.0
3704,87.0
3705,93.0
3706,3.0
3707,21.0
3708,29.0
3709,39.0
3710,47.0
3711,57.0
3712,59.0
3713,63.0
3714,81.0
3715,7.0
3716,19.0
3717,41.0
3718,43.0
3719,47.0
3720,49.0
3721,71.0
3722,77.0
3723,83.0
3724,97.0
3725,13.0
3726,19.0
3727,39.0
3728,49.0
3729,61.0
3730,63.0
3731,81.0
3732,23.0
3733,27.0
3734,51.0
3735,53.0
3736,59.0
3737,69.0
3738,81.0
3739,83.0
3740,89.0
3741,99.0
3742,7.0
3743,11.0
3744,17.0
3745,29.0
3746,41.0
3747,49.0
3748,53.0
3749,59.0
3750,71.0
3751,1.0
3752,21.0
3753,27.0
3754,51.0
3755,57.0
3756,67.0
3757,79.0
3758,81.0
3759,91.0
3760,11.0
3761,17.0
3762,23.0
3763,27.0
3764,39.0
3765,53.0
3766,63.0
3767,81.0
3768,93.0
3769,1.0
3770,7.0
3771,19.0
3772,23.0
3773,37.0
3774,47.0
3775,49.0
3776,61.0
3777,91.0
3778,7.0
3779,9.0
3780,21.0
3781,27.0
3782,31.0
3783,33.0
3784,37.0
3785,43.0
3786,69.0
3787,73.0
3788,91.0
3789,93.0
3790,97.0
3791,3.0
3792,17.0
3793,71.0
3794,77.0
3795,29.0
3796,31.0
3797,47.0
3798,53.0
3799,59.0
3800,71.0
3801,97.0
3802,1.0
3803,3.0
3804,9.0
3805,31.0
3806,37.0
3807,39.0
3808,51.0
3809,63.0
3810,69.0
3811,79.0
3812,97.0
3813,99.0
3814,11.0
3815,23.0
3816,33.0
3817,51.0
3818,63.0
3819,69.0
3820,77.0
3821,83.0
3822,93.0
3823,99.0
3824,7.0
3825,11.0
3826,13.0
3827,17.0
3828,37.0
3829,61.0
3830,67.0
3831,73.0
3832,83.0
3833,97.0
3834,7.0
3835,9.0
3836,31.0
3837,37.0
3838,51.0
3839,61.0
3840,87.0
3841,91.0
3842,9.0
3843,17.0
3844,29.0
3845,41.0
3846,51.0
3847,63.0
3848,69.0
3849,77.0
3850,93.0
3851,99.0
3852,7.0
3853,13.0
3854,19.0
3855,41.0
3856,43.0
3857,53.0
3858,73.0
3859,83.0
3860,89.0
3861,33.0
3862,51.0
3863,57.0
3864,67.0
3865,69.0
3866,73.0
3867,79.0
3868,93.0
3869,97.0
3870,23.0
3871,27.0
3872,29.0
3873,41.0
3874,51.0
3875,59.0
3876,63.0
3877,71.0
3878,83.0
3879,87.0
3880,99.0
3881,7.0
3882,29.0
3883,37.0
3884,43.0
3885,53.0
3886,71.0
3887,77.0
3888,83.0
3889,91.0
3890,97.0
3891,9.0
3892,13.0
3893,21.0
3894,39.0
3895,49.0
3896,61.0
3897,67.0
3898,79.0
3899,81.0
3900,87.0
3901,91.0
3902,93.0
3903,9.0
3904,21.0
3905,33.0
3906,47.0
3907,57.0
3908,71.0
3909,77.0
3910,87.0
3911,99.0
3912,1.0
3913,13.0
3914,19.0
3915,23.0
3916,29.0
3917,31.0
3918,43.0
3919,47.0
3920,73.0
3921,79.0
3922,97.0
3923,3.0
3924,13.0
3925,19.0
3926,21.0
3927,39.0
3928,49.0
3929,57.0
3930,61.0
3931,87.0
3932,97.0
3933,17.0
3934,23.0
3935,39.0
3936,59.0
3937,71.0
3938,81.0
3939,89.0
3940,99.0
3941,1.0
3942,17.0
3943,23.0
3944,43.0
3945,53.0
3946,73.0
3947,77.0
3948,7.0
3949,9.0
3950,13.0
3951,21.0
3952,37.0
3953,39.0
3954,57.0
3955,61.0
3956,63.0
3957,69.0
3958,79.0
3959,97.0
3960,9.0
3961,23.0
3962,41.0
3963,47.0
3964,63.0
3965,83.0
3966,89.0
3967,93.0
3968,1.0
3969,7.0
3970,11.0
3971,17.0
3972,29.0
3973,37.0
3974,47.0
3975,49.0
3976,61.0
3977,67.0
3978,71.0
3979,73.0
3980,79.0
3981,89.0
3982,91.0
3983,7.0
3984,19.0
3985,33.0
3986,43.0
3987,49.0
3988,57.0
3989,63.0
3990,91.0
3991,93.0
3992,99.0
3993,17.0
3994,47.0
3995,81.0
3996,83.0
3997,99.0
3998,11.0
3999,13.0
4000,31.0
4001,47.0
4002,53.0
4003,61.0
4004,71.0
4005,79.0
4006,89.0
4007,97.0
4008,7.0
4009,51.0
4010,57.0
4011,63.0
4012,67.0
4013,87.0
4014,91.0
4015,93.0
4016,97.0
4017,11.0
4018,39.0
4019,47.0
4020,53.0
4021,69.0
4022,83.0
4023,13.0
4024,19.0
4025,49.0
4026,53.0
4027,67.0
4028,77.0
4029,83.0
4030,89.0
4031,97.0
4032,1.0
4033,19.0
4034,31.0
4035,37.0
4036,39.0
4037,61.0
4038,73.0
4039,81.0
4040,87.0
4041,99.0
4042,3.0
4043,17.0
4044,21.0
4045,27.0
4046,29.0
4047,33.0
4048,51.0
4049,71.0
4050,77.0
4051,93.0
4052,31.0
4053,47.0
4054,49.0
4055,53.0
4056,59.0
4057,61.0
4058,1.0
4059,43.0
4060,57.0
4061,61.0
4062,67.0
4063,69.0
4064,93.0
4065,3.0
4066,9.0
4067,11.0
4068,29.0
4069,39.0
4070,51.0
4071,53.0
4072,69.0
4073,71.0
4074,77.0
4075,93.0
4076,99.0
4077,7.0
4078,11.0
4079,13.0
4080,23.0
4081,29.0
4082,37.0
4083,47.0
4084,49.0
4085,67.0
4086,83.0
4087,91.0
4088,3.0
4089,21.0
4090,33.0
4091,39.0
4092,51.0
4093,61.0
4094,67.0
4095,73.0
4096,91.0
4097,3.0
4098,17.0
4099,21.0
4100,23.0
4101,33.0
4102,53.0
4103,59.0
4104,71.0
4105,77.0
4106,93.0
4107,19.0
4108,23.0
4109,41.0
4110,43.0
4111,47.0
4112,79.0
4113,89.0
4114,97.0
4115,3.0
4116,7.0
4117,13.0
4118,19.0
4119,33.0
4120,39.0
4121,57.0
4122,61.0
4123,63.0
4124,81.0
4125,91.0
4126,99.0
4127,9.0
4128,17.0
4129,27.0
4130,29.0
4131,33.0
4132,39.0
4133,41.0
4134,51.0
4135,93.0
4136,1.0
4137,13.0
4138,17.0
4139,23.0
4140,41.0
4141,43.0
4142,59.0
4143,67.0
4144,71.0
4145,73.0
4146,83.0
4147,97.0
4148,9.0
4149,19.0
4150,39.0
4151,43.0
4152,51.0
4153,61.0
4154,99.0
4155,3.0
4156,9.0
4157,11.0
4158,21.0
4159,41.0
4160,51.0
4161,63.0
4162,69.0
4163,81.0
4164,7.0
4165,19.0
4166,23.0
4167,31.0
4168,59.0
4169,67.0
4170,71.0
4171,79.0
4172,3.0
4173,9.0
4174,19.0
4175,27.0
4176,33.0
4177,49.0
4178,61.0
4179,69.0
4180,79.0
4181,91.0
4182,99.0
4183,21.0
4184,27.0
4185,29.0
4186,39.0
4187,41.0
4188,47.0
4189,57.0
4190,63.0
4191,69.0
4192,77.0
4193,83.0
4194,87.0
4195,1.0
4196,29.0
4197,37.0
4198,53.0
4199,71.0
4200,79.0
4201,83.0
4202,89.0
4203,9.0
4204,13.0
4205,31.0
4206,37.0
4207,39.0
4208,63.0
4209,87.0
4210,93.0
4211,99.0
4212,11.0
4213,23.0
4214,27.0
4215,29.0
4216,51.0
4217,53.0
4218,63.0
4219,69.0
4220,77.0
4221,89.0
4222,93.0
4223,13.0
4224,31.0
4225,37.0
4226,41.0
4227,53.0
4228,77.0
4229,83.0
4230,89.0
4231,43.0
4232,51.0
4233,57.0
4234,61.0
4235,87.0
4236,23.0
4237,27.0
4238,29.0
4239,33.0
4240,59.0
4241,71.0
4242,83.0
4243,87.0
4244,93.0
4245,99.0
4246,7.0
4247,19.0
4248,29.0
4249,31.0
4250,43.0
4251,59.0
4252,77.0
4253,83.0
4254,91.0
4255,97.0
4256,9.0
4257,27.0
4258,37.0
4259,39.0
4260,93.0
4261,97.0
4262,99.0
4263,9.0
4264,39.0
4265,51.0
4266,59.0
4267,63.0
4268,71.0
4269,87.0
4270,1.0
4271,13.0
4272,19.0
4273,23.0
4274,29.0
4275,41.0
4276,47.0
4277,49.0
4278,53.0
4279,67.0
4280,79.0
4281,83.0
4282,97.0
4283,3.0
4284,27.0
4285,33.0
4286,39.0
4287,49.0
4288,61.0
4289,73.0
4290,93.0
4291,11.0
4292,17.0
4293,23.0
4294,39.0
4295,47.0
4296,51.0
4297,57.0
4298,77.0
4299,81.0
4300,13.0
4301,17.0
4302,31.0
4303,41.0
4304,43.0
4305,49.0
4306,61.0
4307,77.0
4308,79.0
4309,83.0
4310,89.0
4311,1.0
4312,3.0
4313,13.0
4314,21.0
4315,27.0
4316,31.0
4317,33.0
4318,43.0
4319,57.0
4320,63.0
4321,69.0
4322,81.0
4323,99.0
4324,33.0
4325,41.0
4326,51.0
4327,57.0
4328,81.0
4329,87.0
4330,89.0
4331,99.0
4332,11.0
4333,13.0
4334,43.0
4335,53.0
4336,67.0
4337,79.0
4338,91.0
4339,7.0
4340,13.0
4341,19.0
4342,21.0
4343,39.0
4344,43.0
4345,49.0
4346,79.0
4347,93.0
4348,97.0
4349,3.0
4350,9.0
4351,11.0
4352,17.0
4353,21.0
4354,27.0
4355,41.0
4356,47.0
4357,51.0
4358,59.0
4359,69.0
4360,81.0
4361,87.0
4362,19.0
4363,29.0
4364,37.0
4365,59.0
4366,61.0
4367,71.0
4368,77.0
4369,1.0
4370,9.0
4371,13.0
4372,43.0
4373,49.0
4374,51.0
4375,63.0
4376,79.0
4377,87.0
4378,93.0
4379,97.0
4380,3.0
4381,11.0
4382,27.0
4383,41.0
4384,47.0
4385,53.0
4386,57.0
4387,59.0
4388,69.0
4389,81.0
4390,83.0
4391,99.0
4392,13.0
4393,17.0
4394,19.0
4395,23.0
4396,43.0
4397,61.0
4398,71.0
4399,73.0
4400,83.0
4401,89.0
4402,1.0
4403,31.0
4404,39.0
4405,57.0
4406,69.0
4407,79.0
4408,81.0
4409,87.0
4410,93.0
4411,97.0
4412,9.0
4413,21.0
4414,23.0
4415,27.0
4416,39.0
4417,57.0
4418,81.0
4419,83.0
4420,93.0
4421,99.0
4422,7.0
4423,23.0
4424,31.0
4425,37.0
4426,49.0
4427,59.0
4428,73.0
4429,79.0
4430,91.0
4431,97.0
4432,3.0
4433,7.0
4434,9.0
4435,33.0
4436,37.0
4437,43.0
4438,51.0
4439,57.0
4440,61.0
4441,63.0
4442,67.0
4443,73.0
4444,87.0
4445,91.0
4446,99.0
4447,9.0
4448,33.0
4449,57.0
4450,69.0
4451,71.0
4452,77.0
4453,89.0
4454,11.0
4455,41.0
4456,43.0
4457,49.0
4458,67.0
4459,77.0
4460,83.0
4461,89.0
4462,97.0
4463,1.0
4464,3.0
4465,9.0
4466,19.0
4467,27.0
4468,37.0
4469,43.0
4470,51.0
4471,67.0
4472,73.0
4473,87.0
4474,93.0
4475,97.0
4476,21.0
4477,29.0
4478,39.0
4479,41.0
4480,53.0
4481,59.0
4482,63.0
4483,99.0
4484,1.0
4485,23.0
4486,29.0
4487,37.0
4488,43.0
4489,53.0
4490,61.0
4491,67.0
4492,79.0
4493,89.0
4494,3.0
4495,13.0
4496,19.0
4497,37.0
4498,49.0
4499,51.0
4500,63.0
4501,67.0
4502,93.0
4503,3.0
4504,17.0
4505,33.0
4506,51.0
4507,59.0
4508,77.0
4509,89.0
4510,1.0
4511,7.0
4512,23.0
4513,37.0
4514,61.0
4515,71.0
4516,83.0
4517,91.0
4518,13.0
4519,19.0
4520,21.0
4521,31.0
4522,91.0
4523,97.0
4524,99.0
4525,3.0
4526,11.0
4527,27.0
4528,41.0
4529,51.0
4530,57.0
4531,81.0
4532,87.0
4533,99.0
4534,17.0
4535,41.0
4536,43.0
4537,73.0
4538,77.0
4539,79.0
4540,91.0
4541,97.0
4542,7.0
4543,9.0
4544,13.0
4545,27.0
4546,33.0
4547,49.0
4548,51.0
4549,61.0
4550,69.0
4551,91.0
4552,11.0
4553,17.0
4554,21.0
4555,53.0
4556,59.0
4557,77.0
4558,81.0
4559,83.0
4560,87.0
4561,89.0
4562,93.0
4563,1.0
4564,53.0
4565,67.0
4566,89.0
4567,91.0
4568,13.0
4569,33.0
4570,43.0
4571,51.0
4572,61.0
4573,63.0
4574,69.0
4575,73.0
4576,87.0
4577,91.0
4578,97.0
4579,17.0
4580,21.0
4581,27.0
4582,29.0
4583,41.0
4584,53.0
4585,59.0
4586,71.0
4587,87.0
4588,89.0
4589,1.0
4590,11.0
4591,19.0
4592,23.0
4593,29.0
4594,31.0
4595,59.0
4596,71.0
4597,79.0
4598,89.0
4599,1.0
4600,3.0
4601,7.0
4602,21.0
4603,49.0
4604,57.0
4605,63.0
4606,67.0
4607,69.0
4608,73.0
4609,79.0
4610,81.0
4611,93.0
4612,51.0
4613,57.0
4614,71.0
4615,81.0
4616,83.0
4617,89.0
4618,17.0
4619,49.0
4620,53.0
4621,83.0
4622,91.0
4623,97.0
4624,1.0
4625,7.0
4626,19.0
4627,31.0
4628,33.0
4629,37.0
4630,43.0
4631,49.0
4632,63.0
4633,79.0
4634,87.0
4635,17.0
4636,21.0
4637,23.0
4638,33.0
4639,41.0
4640,47.0
4641,51.0
4642,57.0
4643,83.0
4644,87.0
4645,99.0
4646,1.0
4647,11.0
4648,29.0
4649,41.0
4650,53.0
4651,71.0
4652,73.0
4653,77.0
4654,89.0
4655,97.0
4656,9.0
4657,19.0
4658,39.0
4659,43.0
4660,51.0
4661,67.0
4662,79.0
4663,87.0
4664,93.0
4665,9.0
4666,17.0
4667,27.0
4668,39.0
4669,53.0
4670,59.0
4671,63.0
4672,71.0
4673,83.0
4674,87.0
4675,7.0
4676,13.0
4677,53.0
4678,61.0
4679,77.0
4680,83.0
4681,19.0
4682,21.0
4683,27.0
4684,31.0
4685,37.0
4686,39.0
4687,61.0
4688,79.0
4689,81.0
4690,91.0
4691,97.0
4692,33.0
4693,47.0
4694,59.0
4695,63.0
4696,81.0
4697,89.0
4698,93.0
4699,7.0
4700,17.0
4701,19.0
4702,29.0
4703,37.0
4704,41.0
4705,43.0
4706,61.0
4707,77.0
4708,89.0
4709,3.0
4710,13.0
4711,27.0
4712,33.0
4713,39.0
4714,81.0
4715,91.0
4716,97.0
4717,3.0
4718,23.0
4719,33.0
4720,41.0
4721,53.0
4722,57.0
4723,69.0
4724,87.0
4725,89.0
4726,99.0
4727,13.0
4728,31.0
4729,41.0
4730,59.0
4731,67.0
4732,73.0
4733,77.0
4734,91.0
4735,97.0
4736,7.0
4737,37.0
4738,51.0
4739,57.0
4740,63.0
4741,67.0
4742,79.0
4743,17.0
4744,21.0
4745,23.0
4746,27.0
4747,33.0
4748,41.0
4749,53.0
4750,63.0
4751,69.0
4752,87.0
4753,93.0
4754,43.0
4755,49.0
4756,53.0
4757,59.0
4758,71.0
4759,79.0
4760,89.0
4761,21.0
4762,27.0
4763,49.0
4764,51.0
4765,61.0
4766,73.0
4767,91.0
4768,93.0
4769,99.0
4770,3.0
4771,33.0
4772,41.0
4773,47.0
4774,53.0
4775,71.0
4776,81.0
4777,83.0
4778,87.0
4779,99.0
4780,19.0
4781,29.0
4782,37.0
4783,61.0
4784,71.0
4785,73.0
4786,79.0
4787,1.0
4788,7.0
4789,9.0
4790,27.0
4791,37.0
4792,49.0
4793,51.0
4794,81.0
4795,99.0
4796,11.0
4797,39.0
4798,41.0
4799,47.0
4800,51.0
4801,57.0
4802,71.0
4803,77.0
4804,89.0
4805,99.0
4806,7.0
4807,11.0
4808,23.0
4809,49.0
4810,59.0
4811,67.0
4812,73.0
4813,89.0
4814,91.0
4815,1.0
4816,19.0
4817,33.0
4818,39.0
4819,43.0
4820,49.0
4821,63.0
4822,79.0
4823,81.0
4824,87.0
4825,91.0
4826,3.0
4827,23.0
4828,27.0
4829,47.0
4830,51.0
4831,57.0
4832,69.0
4833,71.0
4834,7.0
4835,11.0
4836,17.0
4837,19.0
4838,29.0
4839,31.0
4840,53.0
4841,61.0
4842,67.0
4843,77.0
4844,89.0
4845,1.0
4846,19.0
4847,33.0
4848,57.0
4849,93.0
4850,97.0
4851,17.0
4852,41.0
4853,51.0
4854,57.0
4855,59.0
4856,87.0
4857,93.0
4858,11.0
4859,19.0
4860,23.0
4861,29.0
4862,37.0
4863,43.0
4864,47.0
4865,49.0
4866,61.0
4867,89.0
4868,7.0
4869,21.0
4870,37.0
4871,51.0
4872,69.0
4873,79.0
4874,87.0
4875,93.0
4876,97.0
4877,3.0
4878,9.0
4879,17.0
4880,39.0
4881,51.0
4882,53.0
4883,63.0
4884,81.0
4885,87.0
4886,89.0
4887,7.0
4888,17.0
4889,19.0
4890,31.0
4891,41.0
4892,59.0
4893,91.0
4894,97.0
4895,1.0
4896,7.0
4897,13.0
4898,21.0
4899,27.0
4900,33.0
4901,43.0
4902,63.0
4903,69.0
4904,81.0
4905,91.0
4906,99.0
4907,9.0
4908,23.0
4909,29.0
4910,39.0
4911,53.0
4912,57.0
4913,59.0
4914,81.0
4915,99.0
4916,1.0
4917,11.0
4918,13.0
4919,17.0
4920,37.0
4921,41.0
4922,43.0
4923,77.0
4924,79.0
4925,91.0
4926,97.0
4927,7.0
4928,9.0
4929,19.0
4930,37.0
4931,43.0
4932,57.0
4933,69.0
4934,81.0
4935,3.0
4936,11.0
4937,17.0
4938,33.0
4939,39.0
4940,47.0
4941,51.0
4942,63.0
4943,69.0
4944,77.0
4945,81.0
4946,17.0
4947,23.0
4948,29.0
4949,49.0
4950,73.0
4951,79.0
4952,91.0
4953,9.0
4954,19.0
4955,21.0
4956,31.0
4957,57.0
4958,63.0
4959,79.0
4960,87.0
4961,93.0
4962,97.0
4963,21.0
4964,39.0
4965,47.0
4966,59.0
4967,71.0
4968,81.0
4969,99.0
4970,11.0
4971,13.0
4972,37.0
4973,41.0
4974,53.0
4975,71.0
4976,83.0
4977,97.0
4978,7.0
4979,9.0
4980,13.0
4981,37.0
4982,49.0
4983,63.0
4984,73.0
4985,79.0
4986,81.0
4987,87.0
4988,91.0
4989,97.0
4990,23.0
4991,27.0
4992,33.0
4993,39.0
4994,41.0
4995,63.0
4996,71.0
4997,89.0
4998,93.0
4999,11.0
5000,19.0
5001,23.0
5002,47.0
5003,49.0
5004,61.0
5005,73.0
5006,77.0
5007,79.0
5008,31.0
5009,33.0
5010,51.0
5011,57.0
5012,61.0
5013,67.0
5014,79.0
5015,81.0
5016,87.0
5017,99.0
5018,9.0
5019,17.0
5020,21.0
5021,23.0
5022,47.0
5023,57.0
5024,59.0
5025,69.0
5026,71.0
5027,83.0
5028,89.0
5029,7.0
5030,47.0
5031,53.0
5032,73.0
5033,89.0
5034,91.0
5035,3.0
5036,9.0
5037,19.0
5038,31.0
5039,33.0
5040,37.0
5041,43.0
5042,57.0
5043,69.0
5044,81.0
5045,3.0
5046,9.0
5047,17.0
5048,21.0
5049,23.0
5050,39.0
5051,57.0
5052,69.0
5053,71.0
5054,77.0
5055,93.0
5056,99.0
5057,1.0
5058,7.0
5059,11.0
5060,23.0
5061,53.0
5062,61.0
5063,77.0
5064,79.0
5065,97.0
5066,7.0
5067,31.0
5068,33.0
5069,39.0
5070,63.0
5071,67.0
5072,69.0
5073,91.0
5074,93.0
5075,9.0
5076,11.0
5077,17.0
5078,29.0
5079,33.0
5080,51.0
5081,59.0
5082,63.0
5083,77.0
5084,81.0
5085,99.0
5086,23.0
5087,29.0
5088,31.0
5089,37.0
5090,47.0
5091,49.0
5092,59.0
5093,97.0
5094,3.0
5095,13.0
5096,27.0
5097,33.0
5098,39.0
5099,63.0
5100,67.0
5101,69.0
5102,81.0
5103,97.0
5104,11.0
5105,27.0
5106,39.0
5107,41.0
5108,47.0
5109,57.0
5110,83.0
5111,87.0
5112,89.0
5113,1.0
5114,7.0
5115,11.0
5116,23.0
5117,31.0
5118,43.0
5119,53.0
5120,71.0
5121,77.0
5122,91.0
5123,19.0
5124,21.0
5125,27.0
5126,37.0
5127,39.0
5128,43.0
5129,57.0
5130,91.0
5131,93.0
5132,99.0
5133,21.0
5134,23.0
5135,33.0
5136,47.0
5137,51.0
5138,53.0
5139,69.0
5140,77.0
5141,87.0
5142,93.0
5143,1.0
5144,11.0
5145,19.0
5146,23.0
5147,29.0
5148,31.0
5149,47.0
5150,53.0
5151,59.0
5152,77.0
5153,7.0
5154,21.0
5155,27.0
5156,31.0
5157,61.0
5158,63.0
5159,73.0
5160,87.0
5161,91.0
5162,11.0
5163,21.0
5164,29.0
5165,33.0
5166,41.0
5167,59.0
5168,63.0
5169,77.0
5170,83.0
5171,87.0
5172,11.0
5173,17.0
5174,23.0
5175,41.0
5176,59.0
5177,61.0
5178,97.0
5179,3.0
5180,13.0
5181,27.0
5182,39.0
5183,43.0
5184,49.0
5185,51.0
5186,81.0
5187,87.0
5188,91.0
5189,93.0
5190,99.0
5191,27.0
5192,47.0
5193,51.0
5194,71.0
5195,83.0
5196,7.0
5197,23.0
5198,41.0
5199,53.0
5200,67.0
5201,73.0
5202,77.0
5203,89.0
5204,21.0
5205,33.0
5206,39.0
5207,49.0
5208,57.0
5209,67.0
5210,73.0
5211,91.0
5212,93.0
5213,9.0
5214,23.0
5215,29.0
5216,51.0
5217,57.0
5218,69.0
5219,71.0
5220,89.0
5221,93.0
5222,1.0
5223,31.0
5224,43.0
5225,47.0
5226,59.0
5227,61.0
5228,71.0
5229,9.0
5230,31.0
5231,33.0
5232,37.0
5233,51.0
5234,57.0
5235,69.0
5236,93.0
5237,97.0
5238,99.0
5239,3.0
5240,17.0
5241,29.0
5242,39.0
5243,41.0
5244,57.0
5245,63.0
5246,83.0
5247,87.0
5248,7.0
5249,29.0
5250,41.0
5251,43.0
5252,47.0
5253,49.0
5254,61.0
5255,83.0
5256,7.0
5257,13.0
5258,19.0
5259,21.0
5260,27.0
5261,31.0
5262,37.0
5263,39.0
5264,49.0
5265,61.0
5266,73.0
5267,79.0
5268,81.0
5269,87.0
5270,3.0
5271,11.0
5272,17.0
5273,21.0
5274,39.0
5275,51.0
5276,63.0
5277,77.0
5278,81.0
5279,93.0
5280,99.0
5281,7.0
5282,13.0
5283,31.0
5284,37.0
5285,47.0
5286,59.0
5287,73.0
5288,79.0
5289,83.0
5290,91.0
5291,13.0
5292,19.0
5293,21.0
5294,49.0
5295,67.0
5296,69.0
5297,87.0
5298,97.0
5299,3.0
5300,17.0
5301,27.0
5302,29.0
5303,39.0
5304,53.0
5305,59.0
5306,69.0
5307,71.0
5308,93.0
5309,99.0
5310,7.0
5311,13.0
5312,29.0
5313,41.0
5314,49.0
5315,71.0
5316,73.0
5317,77.0
5318,91.0
5319,9.0
5320,21.0
5321,27.0
5322,51.0
5323,57.0
5324,67.0
5325,69.0
5326,81.0
5327,3.0
5328,21.0
5329,27.0
5330,47.0
5331,53.0
5332,63.0
5333,77.0
5334,81.0
5335,83.0
5336,89.0
5337,1.0
5338,23.0
5339,37.0
5340,49.0
5341,53.0
5342,59.0
5343,67.0
5344,89.0
5345,91.0
5346,1.0
5347,13.0
5348,21.0
5349,61.0
5350,63.0
5351,69.0
5352,79.0
5353,87.0
5354,91.0
5355,33.0
5356,53.0
5357,57.0
5358,89.0
5359,1.0
5360,11.0
5361,17.0
5362,29.0
5363,41.0
5364,43.0
5365,53.0
5366,61.0
5367,67.0
5368,71.0
5369,79.0
5370,83.0
5371,9.0
5372,27.0
5373,31.0
5374,39.0
5375,67.0
5376,73.0
5377,91.0
5378,97.0
5379,9.0
5380,11.0
5381,21.0
5382,27.0
5383,33.0
5384,47.0
5385,57.0
5386,69.0
5387,83.0
5388,7.0
5389,13.0
5390,17.0
5391,37.0
5392,59.0
5393,61.0
5394,79.0
5395,83.0
5396,89.0
5397,1.0
5398,3.0
5399,19.0
5400,37.0
5401,51.0
5402,57.0
5403,63.0
5404,67.0
5405,73.0
5406,81.0
5407,99.0
5408,3.0
5409,17.0
5410,47.0
5411,51.0
5412,69.0
5413,77.0
5414,87.0
5415,89.0
5416,93.0
5417,1.0
5418,13.0
5419,17.0
5420,29.0
5421,47.0
5422,49.0
5423,61.0
5424,71.0
5425,73.0
5426,89.0
5427,97.0
5428,1.0
5429,31.0
5430,33.0
5431,39.0
5432,67.0
5433,69.0
5434,79.0
5435,81.0
5436,99.0
5437,9.0
5438,23.0
5439,27.0
5440,53.0
5441,59.0
5442,77.0
5443,81.0
5444,1.0
5445,7.0
5446,11.0
5447,19.0
5448,37.0
5449,41.0
5450,53.0
5451,79.0
5452,3.0
5453,7.0
5454,27.0
5455,49.0
5456,51.0
5457,69.0
5458,91.0
5459,93.0
5460,97.0
5461,9.0
5462,11.0
5463,17.0
5464,23.0
5465,29.0
5466,33.0
5467,39.0
5468,53.0
5469,57.0
5470,81.0
5471,93.0
5472,99.0
5473,17.0
5474,19.0
5475,31.0
5476,59.0
5477,73.0
5478,77.0
5479,83.0
5480,91.0
5481,13.0
5482,19.0
5483,31.0
5484,49.0
5485,57.0
5486,61.0
5487,81.0
5488,87.0
5489,91.0
5490,97.0
5491,99.0
5492,17.0
5493,23.0
5494,27.0
5495,39.0
5496,51.0
5497,59.0
5498,87.0
5499,93.0
5500,1.0
5501,11.0
5502,13.0
5503,37.0
5504,49.0
5505,59.0
5506,83.0
5507,91.0
5508,1.0
5509,21.0
5510,33.0
5511,39.0
5512,51.0
5513,63.0
5514,67.0
5515,81.0
5516,93.0
5517,17.0
5518,51.0
5519,69.0
5520,77.0
5521,87.0
5522,93.0
5523,11.0
5524,19.0
5525,23.0
5526,31.0
5527,47.0
5528,61.0
5529,67.0
5530,71.0
5531,77.0
5532,1.0
5533,3.0
5534,9.0
5535,13.0
5536,19.0
5537,21.0
5538,37.0
5539,43.0
5540,49.0
5541,69.0
5542,93.0
5543,97.0
5544,99.0
5545,3.0
5546,17.0
5547,21.0
5548,39.0
5549,41.0
5550,47.0
5551,59.0
5552,63.0
5553,77.0
5554,81.0
5555,83.0
5556,1.0
5557,17.0
5558,23.0
5559,29.0
5560,31.0
5561,47.0
5562,67.0
5563,73.0
5564,79.0
5565,9.0
5566,13.0
5567,21.0
5568,27.0
5569,51.0
5570,67.0
5571,73.0
5572,79.0
5573,87.0
5574,99.0
5575,29.0
5576,33.0
5577,51.0
5578,69.0
5579,77.0
5580,81.0
5581,7.0
5582,17.0
5583,19.0
5584,41.0
5585,49.0
5586,59.0
5587,73.0
5588,79.0
5589,83.0
5590,1.0
5591,9.0
5592,21.0
5593,49.0
5594,51.0
5595,57.0
5596,61.0
5597,73.0
5598,79.0
5599,3.0
5600,9.0
5601,17.0
5602,27.0
5603,47.0
5604,63.0
5605,71.0
5606,1.0
5607,7.0
5608,13.0
5609,17.0
5610,19.0
5611,29.0
5612,43.0
5613,49.0
5614,59.0
5615,91.0
5616,13.0
5617,31.0
5618,33.0
5619,37.0
5620,39.0
5621,43.0
5622,51.0
5623,73.0
5624,81.0
5625,99.0
5626,11.0
5627,39.0
5628,41.0
5629,57.0
5630,69.0
5631,87.0
5632,1.0
5633,11.0
5634,29.0
5635,41.0
5636,47.0
5637,79.0
5638,89.0
5639,3.0
5640,9.0
5641,19.0
5642,21.0
5643,31.0
5644,33.0
5645,39.0
5646,61.0
5647,63.0
5648,67.0
5649,73.0
5650,81.0
5651,91.0
5652,97.0
5653,11.0
5654,17.0
5655,21.0
5656,33.0
5657,63.0
5658,87.0
5659,93.0
5660,99.0
5661,7.0
5662,13.0
5663,17.0
5664,19.0
5665,23.0
5666,29.0
5667,37.0
5668,43.0
5669,49.0
5670,71.0
5671,89.0
5672,97.0
5673,1.0
5674,3.0
5675,21.0
5676,27.0
5677,31.0
5678,33.0
5679,49.0
5680,67.0
5681,87.0
5682,97.0
5683,3.0
5684,9.0
5685,39.0
5686,41.0
5687,53.0
5688,81.0
5689,87.0
5690,93.0
5691,99.0
5692,1.0
5693,13.0
5694,23.0
5695,31.0
5696,49.0
5697,67.0
5698,71.0
5699,79.0
5700,97.0
5701,7.0
5702,9.0
5703,37.0
5704,39.0
5705,49.0
5706,63.0
5707,67.0
5708,69.0
5709,99.0
5710,11.0
5711,33.0
5712,59.0
5713,69.0
5714,77.0
5715,83.0
5716,93.0
5717,1.0
5718,17.0
5719,31.0
5720,37.0
5721,43.0
5722,53.0
5723,67.0
5724,73.0
5725,77.0
5726,79.0
5727,89.0
5728,1.0
5729,3.0
5730,9.0
5731,19.0
5732,27.0
5733,31.0
5734,33.0
5735,43.0
5736,69.0
5737,91.0
5738,97.0
5739,99.0
5740,11.0
5741,29.0
5742,33.0
5743,59.0
5744,63.0
5745,71.0
5746,81.0
5747,87.0
5748,1.0
5749,11.0
5750,13.0
5751,31.0
5752,37.0
5753,47.0
5754,67.0
5755,73.0
5756,79.0
5757,83.0
5758,7.0
5759,9.0
5760,13.0
5761,21.0
5762,27.0
5763,43.0
5764,57.0
5765,73.0
5766,91.0
5767,93.0
5768,97.0
5769,9.0
5770,11.0
5771,21.0
5772,23.0
5773,29.0
5774,41.0
5775,51.0
5776,57.0
5777,63.0
5778,83.0
5779,89.0
5780,93.0
5781,99.0
5782,37.0
5783,41.0
5784,47.0
5785,59.0
5786,73.0
5787,77.0
5788,89.0
5789,97.0
5790,7.0
5791,19.0
5792,31.0
5793,39.0
5794,43.0
5795,49.0
5796,63.0
5797,73.0
5798,79.0
5799,91.0
5800,93.0
5801,3.0
5802,21.0
5803,23.0
5804,41.0
5805,51.0
5806,59.0
5807,69.0
5808,71.0
5809,83.0
5810,87.0
5811,1.0
5812,29.0
5813,31.0
5814,47.0
5815,49.0
5816,67.0
5817,73.0
5818,83.0
5819,89.0
5820,97.0
5821,13.0
5822,27.0
5823,57.0
5824,67.0
5825,87.0
5826,93.0
5827,3.0
5828,27.0
5829,29.0
5830,57.0
5831,59.0
5832,71.0
5833,87.0
5834,93.0
5835,1.0
5836,37.0
5837,41.0
5838,49.0
5839,53.0
5840,67.0
5841,79.0
5842,89.0
5843,97.0
5844,9.0
5845,13.0
5846,19.0
5847,27.0
5848,31.0
5849,37.0
5850,51.0
5851,73.0
5852,81.0
5853,87.0
5854,91.0
5855,93.0
5856,3.0
5857,9.0
5858,29.0
5859,39.0
5860,47.0
5861,53.0
5862,59.0
5863,81.0
5864,99.0
5865,1.0
5866,17.0
5867,23.0
5868,43.0
5869,47.0
5870,73.0
5871,77.0
5872,91.0
5873,13.0
5874,27.0
5875,31.0
5876,43.0
5877,49.0
5878,57.0
5879,61.0
5880,67.0
5881,73.0
5882,99.0
5883,9.0
5884,11.0
5885,29.0
5886,47.0
5887,51.0
5888,53.0
5889,69.0
5890,71.0
5891,89.0
5892,93.0
5893,99.0
5894,7.0
5895,11.0
5896,17.0
5897,29.0
5898,31.0
5899,37.0
5900,43.0
5901,71.0
5902,9.0
5903,13.0
5904,21.0
5905,37.0
5906,63.0
5907,67.0
5908,69.0
5909,79.0
5910,91.0
5911,93.0
5912,3.0
5913,11.0
5914,17.0
5915,27.0
5916,39.0
5917,41.0
5918,51.0
5919,53.0
5920,77.0
5921,81.0
5922,11.0
5923,37.0
5924,43.0
5925,49.0
5926,67.0
5927,73.0
5928,79.0
5929,1.0
5930,3.0
5931,13.0
5932,31.0
5933,57.0
5934,61.0
5935,79.0
5936,87.0
5937,93.0
5938,99.0
5939,11.0
5940,27.0
5941,33.0
5942,41.0
5943,57.0
5944,63.0
5945,71.0
5946,87.0
5947,89.0
5948,31.0
5949,89.0
5950,97.0
5951,1.0
5952,7.0
5953,9.0
5954,13.0
5955,21.0
5956,37.0
5957,43.0
5958,63.0
5959,67.0
5960,79.0
5961,91.0
5962,97.0
5963,9.0
5964,11.0
5965,21.0
5966,23.0
5967,29.0
5968,51.0
5969,53.0
5970,63.0
5971,69.0
5972,77.0
5973,83.0
5974,93.0
5975,7.0
5976,13.0
5977,19.0
5978,23.0
5979,41.0
5980,49.0
5981,59.0
5982,67.0
5983,83.0
5984,97.0
5985,7.0
5986,9.0
5987,19.0
5988,21.0
5989,33.0
5990,39.0
5991,43.0
5992,63.0
5993,73.0
5994,81.0
5995,33.0
5996,41.0
5997,51.0
5998,57.0
5999,59.0
6000,69.0
6001,77.0
6002,87.0
6003,93.0
6004,99.0
6005,7.0
6006,17.0
6007,19.0
6008,41.0
6009,43.0
6010,47.0
6011,53.0
6012,67.0
6013,71.0
6014,73.0
6015,97.0
6016,9.0
6017,13.0
6018,39.0
6019,57.0
6020,61.0
6021,67.0
6022,81.0
6023,11.0
6024,17.0
6025,21.0
6026,27.0
6027,29.0
6028,51.0
6029,59.0
6030,63.0
6031,69.0
6032,71.0
6033,93.0
6034,99.0
6035,7.0
6036,23.0
6037,29.0
6038,43.0
6039,47.0
6040,53.0
6041,71.0
6042,79.0
6043,91.0
6044,97.0
6045,9.0
6046,33.0
6047,63.0
6048,79.0
6049,87.0
6050,21.0
6051,29.0
6052,51.0
6053,57.0
6054,71.0
6055,81.0
6056,99.0
6057,13.0
6058,17.0
6059,29.0
6060,37.0
6061,41.0
6062,77.0
6063,83.0
6064,89.0
6065,91.0
6066,1.0
6067,3.0
6068,7.0
6069,27.0
6070,33.0
6071,39.0
6072,49.0
6073,61.0
6074,67.0
6075,69.0
6076,9.0
6077,17.0
6078,23.0
6079,51.0
6080,57.0
6081,59.0
6082,71.0
6083,89.0
6084,93.0
6085,17.0
6086,31.0
6087,37.0
6088,43.0
6089,53.0
6090,73.0
6091,83.0
6092,97.0
6093,13.0
6094,27.0
6095,43.0
6096,49.0
6097,57.0
6098,93.0
6099,97.0
6100,9.0
6101,21.0
6102,27.0
6103,39.0
6104,89.0
6105,1.0
6106,7.0
6107,11.0
6108,17.0
6109,23.0
6110,31.0
6111,37.0
6112,47.0
6113,49.0
6114,59.0
6115,61.0
6116,79.0
6117,89.0
6118,3.0
6119,19.0
6120,27.0
6121,33.0
6122,37.0
6123,57.0
6124,61.0
6125,63.0
6126,73.0
6127,79.0
6128,93.0
6129,11.0
6130,21.0
6131,59.0
6132,69.0
6133,87.0
6134,89.0
6135,99.0
6136,1.0
6137,13.0
6138,17.0
6139,19.0
6140,23.0
6141,37.0
6142,43.0
6143,53.0
6144,61.0
6145,1.0
6146,7.0
6147,27.0
6148,31.0
6149,43.0
6150,51.0
6151,57.0
6152,91.0
6153,99.0
6154,21.0
6155,29.0
6156,41.0
6157,51.0
6158,53.0
6159,69.0
6160,11.0
6161,23.0
6162,31.0
6163,53.0
6164,61.0
6165,83.0
6166,91.0
6167,97.0
6168,31.0
6169,33.0
6170,39.0
6171,43.0
6172,57.0
6173,63.0
6174,79.0
6175,81.0
6176,3.0
6177,9.0
6178,17.0
6179,41.0
6180,63.0
6181,69.0
6182,71.0
6183,83.0
6184,87.0
6185,93.0
6186,7.0
6187,11.0
6188,19.0
6189,43.0
6190,47.0
6191,53.0
6192,59.0
6193,61.0
6194,83.0
6195,3.0
6196,9.0
6197,13.0
6198,27.0
6199,31.0
6200,37.0
6201,43.0
6202,51.0
6203,57.0
6204,67.0
6205,73.0
6206,81.0
6207,87.0
6208,3.0
6209,17.0
6210,23.0
6211,29.0
6212,51.0
6213,57.0
6214,81.0
6215,13.0
6216,19.0
6217,37.0
6218,43.0
6219,61.0
6220,71.0
6221,79.0
6222,9.0
6223,27.0
6224,33.0
6225,49.0
6226,61.0
6227,67.0
6228,79.0
6229,81.0
6230,87.0
6231,91.0
6232,3.0
6233,11.0
6234,17.0
6235,39.0
6236,47.0
6237,53.0
6238,57.0
6239,71.0
6240,81.0
6241,99.0
6242,19.0
6243,29.0
6244,31.0
6245,37.0
6246,41.0
6247,43.0
6248,71.0
6249,89.0
6250,91.0
6251,1.0
6252,7.0
6253,13.0
6254,19.0
6255,33.0
6256,73.0
6257,97.0
6258,99.0
6259,3.0
6260,11.0
6261,23.0
6262,27.0
6263,47.0
6264,51.0
6265,83.0
6266,1.0
6267,17.0
6268,23.0
6269,59.0
6270,67.0
6271,73.0
6272,77.0
6273,83.0
6274,97.0
6275,1.0
6276,7.0
6277,33.0
6278,39.0
6279,49.0
6280,63.0
6281,81.0
6282,91.0
6283,97.0
6284,3.0
6285,17.0
6286,27.0
6287,33.0
6288,39.0
6289,53.0
6290,59.0
6291,83.0
6292,87.0
6293,1.0
6294,23.0
6295,31.0
6296,43.0
6297,53.0
6298,61.0
6299,73.0
6300,91.0
6301,1.0
6302,19.0
6303,27.0
6304,51.0
6305,61.0
6306,69.0
6307,73.0
6308,97.0
6309,3.0
6310,21.0
6311,27.0
6312,29.0
6313,39.0
6314,69.0
6315,71.0
6316,81.0
6317,83.0
6318,87.0
6319,89.0
6320,29.0
6321,31.0
6322,59.0
6323,67.0
6324,73.0
6325,79.0
6326,97.0
6327,3.0
6328,13.0
6329,27.0
6330,31.0
6331,49.0
6332,79.0
6333,97.0
6334,99.0
6335,11.0
6336,41.0
6337,47.0
6338,77.0
6339,81.0
6340,99.0
6341,11.0
6342,13.0
6343,17.0
6344,31.0
6345,37.0
6346,47.0
6347,53.0
6348,61.0
6349,67.0
6350,77.0
6351,89.0
6352,91.0
6353,97.0
6354,9.0
6355,19.0
6356,21.0
6357,39.0
6358,43.0
6359,63.0
6360,67.0
6361,73.0
6362,87.0
6363,93.0
6364,99.0
6365,21.0
6366,27.0
6367,33.0
6368,41.0
6369,59.0
6370,77.0
6371,87.0
6372,89.0
6373,99.0
6374,1.0
6375,7.0
6376,11.0
6377,17.0
6378,29.0
6379,47.0
6380,49.0
6381,59.0
6382,67.0
6383,71.0
6384,89.0
6385,91.0
6386,97.0
6387,3.0
6388,9.0
6389,19.0
6390,27.0
6391,37.0
6392,43.0
6393,61.0
6394,73.0
6395,81.0
6396,93.0
6397,99.0
6398,3.0
6399,9.0
6400,23.0
6401,39.0
6402,41.0
6403,53.0
6404,57.0
6405,63.0
6406,1.0
6407,7.0
6408,13.0
6409,29.0
6410,49.0
6411,77.0
6412,97.0
6413,7.0
6414,13.0
6415,19.0
6416,33.0
6417,37.0
6418,63.0
6419,67.0
6420,81.0
6421,91.0
6422,9.0
6423,23.0
6424,51.0
6425,53.0
6426,57.0
6427,71.0
6428,87.0
6429,89.0
6430,17.0
6431,23.0
6432,31.0
6433,37.0
6434,71.0
6435,79.0
6436,83.0
6437,1.0
6438,3.0
6439,19.0
6440,27.0
6441,33.0
6442,73.0
6443,81.0
6444,99.0
6445,3.0
6446,33.0
6447,39.0
6448,51.0
6449,53.0
6450,83.0
6451,89.0
6452,99.0
6453,13.0
6454,53.0
6455,67.0
6456,77.0
6457,79.0
6458,91.0
6459,1.0
6460,9.0
6461,13.0
6462,21.0
6463,27.0
6464,33.0
6465,61.0
6466,63.0
6467,67.0
6468,79.0
6469,93.0
6470,9.0
6471,17.0
6472,47.0
6473,63.0
6474,81.0
6475,83.0
6476,93.0
6477,11.0
6478,17.0
6479,49.0
6480,53.0
6481,71.0
6482,77.0
6483,79.0
6484,91.0
6485,1.0
6486,19.0
6487,21.0
6488,27.0
6489,37.0
6490,51.0
6491,69.0
6492,97.0
6493,3.0
6494,11.0
6495,27.0
6496,29.0
6497,33.0
6498,53.0
6499,63.0
6500,71.0
6501,89.0
6502,99.0
6503,1.0
6504,11.0
6505,19.0
6506,23.0
6507,29.0
6508,41.0
6509,47.0
6510,67.0
6511,71.0
6512,73.0
6513,79.0
6514,83.0
6515,3.0
6516,13.0
6517,39.0
6518,57.0
6519,67.0
6520,69.0
6521,87.0
6522,93.0
6523,9.0
6524,23.0
6525,27.0
6526,53.0
6527,57.0
6528,71.0
6529,81.0
6530,93.0
6531,7.0
6532,13.0
6533,19.0
6534,23.0
6535,37.0
6536,47.0
6537,49.0
6538,79.0
6539,97.0
6540,19.0
6541,21.0
6542,37.0
6543,39.0
6544,43.0
6545,51.0
6546,57.0
6547,63.0
6548,79.0
6549,81.0
6550,87.0
6551,99.0
6552,9.0
6553,17.0
6554,29.0
6555,33.0
6556,47.0
6557,51.0
6558,57.0
6559,77.0
6560,87.0
6561,99.0
6562,1.0
6563,7.0
6564,13.0
6565,17.0
6566,19.0
6567,29.0
6568,31.0
6569,61.0
6570,77.0
6571,89.0
6572,9.0
6573,27.0
6574,31.0
6575,37.0
6576,39.0
6577,43.0
6578,51.0
6579,67.0
6580,81.0
6581,99.0
6582,21.0
6583,27.0
6584,29.0
6585,51.0
6586,57.0
6587,63.0
6588,81.0
6589,83.0
6590,93.0
6591,29.0
6592,37.0
6593,41.0
6594,47.0
6595,67.0
6596,71.0
6597,83.0
6598,89.0
6599,3.0
6600,7.0
6601,9.0
6602,37.0
6603,61.0
6604,69.0
6605,73.0
6606,79.0
6607,91.0
6608,21.0
6609,39.0
6610,71.0
6611,93.0
6612,1.0
6613,37.0
6614,43.0
6615,47.0
6616,59.0
6617,61.0
6618,73.0
6619,77.0
6620,83.0
6621,3.0
6622,13.0
6623,31.0
6624,49.0
6625,57.0
6626,63.0
6627,67.0
6628,91.0
6629,99.0
6630,9.0
6631,23.0
6632,29.0
6633,33.0
6634,41.0
6635,53.0
6636,69.0
6637,71.0
6638,87.0
6639,93.0
6640,1.0
6641,17.0
6642,29.0
6643,43.0
6644,53.0
6645,83.0
6646,97.0
6647,1.0
6648,13.0
6649,21.0
6650,33.0
6651,39.0
6652,49.0
6653,51.0
6654,63.0
6655,91.0
6656,97.0
6657,9.0
6658,21.0
6659,41.0
6660,51.0
6661,53.0
6662,63.0
6663,77.0
6664,83.0
6665,89.0
6666,19.0
6667,23.0
6668,31.0
6669,43.0
6670,47.0
6671,49.0
6672,59.0
6673,73.0
6674,77.0
6675,3.0
6676,21.0
6677,33.0
6678,43.0
6679,49.0
6680,57.0
6681,61.0
6682,73.0
6683,79.0
6684,3.0
6685,21.0
6686,29.0
6687,39.0
6688,41.0
6689,53.0
6690,57.0
6691,69.0
6692,81.0
6693,87.0
6694,89.0
6695,11.0
6696,13.0
6697,17.0
6698,19.0
6699,31.0
6700,47.0
6701,61.0
6702,71.0
6703,73.0
6704,89.0
6705,7.0
6706,39.0
6707,43.0
6708,49.0
6709,69.0
6710,91.0
6711,99.0
6712,9.0
6713,11.0
6714,21.0
6715,27.0
6716,29.0
6717,33.0
6718,47.0
6719,53.0
6720,77.0
6721,81.0
6722,89.0
6723,93.0
6724,99.0
6725,11.0
6726,23.0
6727,31.0
6728,37.0
6729,47.0
6730,59.0
6731,67.0
6732,77.0
6733,79.0
6734,89.0
6735,1.0
6736,7.0
6737,19.0
6738,31.0
6739,51.0
6740,79.0
6741,99.0
6742,9.0
6743,23.0
6744,33.0
6745,41.0
6746,51.0
6747,57.0
6748,59.0
6749,63.0
6750,77.0
6751,83.0
6752,89.0
6753,1.0
6754,7.0
6755,19.0
6756,29.0
6757,43.0
6758,53.0
6759,67.0
6760,83.0
6761,91.0
6762,1.0
6763,27.0
6764,31.0
6765,33.0
6766,39.0
6767,43.0
6768,57.0
6769,61.0
6770,67.0
6771,79.0
6772,87.0
6773,93.0
6774,23.0
6775,41.0
6776,53.0
6777,59.0
6778,71.0
6779,87.0
6780,99.0
6781,11.0
6782,13.0
6783,41.0
6784,47.0
6785,61.0
6786,71.0
6787,7.0
6788,9.0
6789,13.0
6790,19.0
6791,27.0
6792,39.0
6793,61.0
6794,79.0
6795,81.0
6796,11.0
6797,29.0
6798,51.0
6799,71.0
6800,89.0
6801,99.0
6802,37.0
6803,43.0
6804,47.0
6805,49.0
6806,73.0
6807,77.0
6808,83.0
6809,89.0
6810,91.0
6811,1.0
6812,7.0
6813,21.0
6814,31.0
6815,39.0
6816,43.0
6817,67.0
6818,81.0
6819,97.0
6820,11.0
6821,33.0
6822,39.0
6823,59.0
6824,69.0
6825,83.0
6826,87.0
6827,99.0
6828,11.0
6829,13.0
6830,29.0
6831,37.0
6832,43.0
6833,49.0
6834,67.0
6835,71.0
6836,77.0
6837,91.0
6838,13.0
6839,19.0
6840,21.0
6841,63.0
6842,79.0
6843,81.0
6844,91.0
6845,97.0
6846,99.0
6847,3.0
6848,9.0
6849,17.0
6850,27.0
6851,47.0
6852,63.0
6853,93.0
6854,1.0
6855,11.0
6856,19.0
6857,29.0
6858,31.0
6859,61.0
6860,67.0
6861,73.0
6862,9.0
6863,19.0
6864,27.0
6865,43.0
6866,49.0
6867,51.0
6868,63.0
6869,91.0
6870,93.0
6871,97.0
6872,3.0
6873,21.0
6874,33.0
6875,39.0
6876,47.0
6877,57.0
6878,59.0
6879,63.0
6880,13.0
6881,17.0
6882,37.0
6883,41.0
6884,71.0
6885,79.0
6886,83.0
6887,89.0
6888,1.0
6889,3.0
6890,27.0
6891,31.0
6892,39.0
6893,57.0
6894,63.0
6895,67.0
6896,73.0
6897,81.0
6898,91.0
6899,93.0
6900,97.0
6901,99.0
6902,39.0
6903,57.0
6904,93.0
6905,23.0
6906,53.0
6907,61.0
6908,77.0
6909,91.0
6910,97.0
6911,9.0
6912,37.0
6913,39.0
6914,61.0
6915,63.0
6916,67.0
6917,79.0
6918,9.0
6919,21.0
6920,27.0
6921,29.0
6922,33.0
6923,47.0
6924,57.0
6925,59.0
6926,77.0
6927,99.0
6928,11.0
6929,29.0
6930,31.0
6931,41.0
6932,59.0
6933,91.0
6934,97.0
6935,1.0
6936,3.0
6937,9.0
6938,19.0
6939,39.0
6940,51.0
6941,61.0
6942,67.0
6943,79.0
6944,99.0
6945,11.0
6946,17.0
6947,21.0
6948,23.0
6949,39.0
6950,41.0
6951,57.0
6952,63.0
6953,77.0
6954,81.0
6955,83.0
6956,99.0
6957,1.0
6958,7.0
6959,23.0
6960,29.0
6961,37.0
6962,41.0
6963,49.0
6964,71.0
6965,89.0
6966,97.0
6967,9.0
6968,13.0
6969,21.0
6970,27.0
6971,51.0
6972,73.0
6973,79.0
6974,81.0
6975,93.0
6976,23.0
6977,29.0
6978,39.0
6979,51.0
6980,57.0
6981,59.0
6982,81.0
6983,87.0
6984,89.0
6985,1.0
6986,7.0
6987,29.0
6988,37.0
6989,49.0
6990,71.0
6991,73.0
6992,83.0
6993,89.0
6994,7.0
6995,19.0
6996,21.0
6997,27.0
6998,39.0
6999,57.0
7000,63.0
7001,67.0
7002,87.0
7003,9.0
7004,17.0
7005,29.0
7006,53.0
7007,69.0
7008,83.0
7009,93.0
7010,23.0
7011,41.0
7012,43.0
7013,49.0
7014,53.0
7015,67.0
7016,77.0
7017,79.0
7018,91.0
7019,1.0
7020,13.0
7021,19.0
7022,21.0
7023,37.0
7024,49.0
7025,51.0
7026,57.0
7027,69.0
7028,79.0
7029,81.0
7030,91.0
7031,97.0
7032,99.0
7033,11.0
7034,23.0
7035,39.0
7036,59.0
7037,69.0
7038,81.0
7039,89.0
7040,19.0
7041,29.0
7042,43.0
7043,47.0
7044,53.0
7045,61.0
7046,67.0
7047,71.0
7048,91.0
7049,9.0
7050,33.0
7051,37.0
7052,49.0
7053,57.0
7054,61.0
7055,63.0
7056,87.0
7057,93.0
7058,17.0
7059,27.0
7060,29.0
7061,33.0
7062,39.0
7063,41.0
7064,47.0
7065,53.0
7066,59.0
7067,63.0
7068,87.0
7069,89.0
7070,99.0
7071,11.0
7072,13.0
7073,19.0
7074,29.0
7075,37.0
7076,43.0
7077,53.0
7078,71.0
7079,73.0
7080,79.0
7081,83.0
7082,3.0
7083,27.0
7084,37.0
7085,49.0
7086,51.0
7087,63.0
7088,69.0
7089,93.0
7090,97.0
7091,33.0
7092,47.0
7093,63.0
7094,71.0
7095,93.0
7096,99.0
7097,7.0
7098,11.0
7099,13.0
7100,19.0
7101,41.0
7102,61.0
7103,77.0
7104,89.0
7105,7.0
7106,9.0
7107,21.0
7108,37.0
7109,43.0
7110,49.0
7111,61.0
7112,67.0
7113,79.0
7114,81.0
7115,87.0
7116,99.0
7117,9.0
7118,17.0
7119,33.0
7120,41.0
7121,47.0
7122,63.0
7123,71.0
7124,83.0
7125,87.0
7126,93.0
7127,99.0
7128,19.0
7129,31.0
7130,43.0
7131,47.0
7132,53.0
7133,73.0
7134,77.0
7135,89.0
7136,91.0
7137,1.0
7138,3.0
7139,9.0
7140,39.0
7141,61.0
7142,67.0
7143,69.0
7144,73.0
7145,11.0
7146,21.0
7147,23.0
7148,27.0
7149,29.0
7150,51.0
7151,53.0
7152,69.0
7153,71.0
7154,77.0
7155,87.0
7156,7.0
7157,13.0
7158,37.0
7159,41.0
7160,53.0
7161,67.0
7162,79.0
7163,83.0
7164,21.0
7165,31.0
7166,61.0
7167,67.0
7168,69.0
7169,81.0
7170,93.0
7171,97.0
7172,3.0
7173,33.0
7174,47.0
7175,51.0
7176,59.0
7177,77.0
7178,13.0
7179,17.0
7180,23.0
7181,43.0
7182,47.0
7183,49.0
7184,61.0
7185,71.0
7186,73.0
7187,79.0
7188,89.0
7189,1.0
7190,7.0
7191,19.0
7192,27.0
7193,33.0
7194,39.0
7195,63.0
7196,67.0
7197,97.0
7198,17.0
7199,23.0
7200,59.0
7201,69.0
7202,71.0
7203,83.0
7204,89.0
7205,93.0
7206,1.0
7207,7.0
7208,11.0
7209,23.0
7210,31.0
7211,37.0
7212,49.0
7213,53.0
7214,59.0
7215,73.0
7216,77.0
7217,97.0
7218,9.0
7219,13.0
7220,19.0
7221,37.0
7222,39.0
7223,43.0
7224,61.0
7225,63.0
7226,79.0
7227,91.0
7228,21.0
7229,27.0
7230,33.0
7231,41.0
7232,81.0
7233,89.0
7234,37.0
7235,43.0
7236,59.0
7237,77.0
7238,91.0
7239,3.0
7240,9.0
7241,27.0
7242,31.0
7243,51.0
7244,61.0
7245,63.0
7246,69.0
7247,79.0
7248,87.0
7249,17.0
7250,21.0
7251,33.0
7252,53.0
7253,59.0
7254,71.0
7255,77.0
7256,83.0
7257,17.0
7258,23.0
7259,29.0
7260,47.0
7261,53.0
7262,61.0
7263,71.0
7264,83.0
7265,89.0
7266,97.0
7267,7.0
7268,9.0
7269,13.0
7270,37.0
7271,43.0
7272,51.0
7273,73.0
7274,79.0
7275,81.0
7276,93.0
7277,99.0
7278,9.0
7279,21.0
7280,27.0
7281,51.0
7282,57.0
7283,71.0
7284,83.0
7285,19.0
7286,23.0
7287,47.0
7288,49.0
7289,59.0
7290,67.0
7291,77.0
7292,83.0
7293,97.0
7294,7.0
7295,39.0
7296,43.0
7297,51.0
7298,61.0
7299,73.0
7300,99.0
7301,17.0
7302,21.0
7303,27.0
7304,47.0
7305,51.0
7306,71.0
7307,77.0
7308,93.0
7309,99.0
7310,1.0
7311,31.0
7312,43.0
7313,49.0
7314,59.0
7315,61.0
7316,67.0
7317,77.0
7318,89.0
7319,97.0
7320,1.0
7321,3.0
7322,9.0
7323,19.0
7324,31.0
7325,57.0
7326,79.0
7327,87.0
7328,93.0
7329,97.0
7330,11.0
7331,17.0
7332,23.0
7333,53.0
7334,57.0
7335,63.0
7336,77.0
7337,81.0
7338,83.0
7339,11.0
7340,13.0
7341,19.0
7342,41.0
7343,49.0
7344,53.0
7345,71.0
7346,89.0
7347,7.0
7348,9.0
7349,21.0
7350,27.0
7351,31.0
7352,51.0
7353,61.0
7354,67.0
7355,73.0
7356,87.0
7357,97.0
7358,9.0
7359,11.0
7360,23.0
7361,53.0
7362,87.0
7363,99.0
7364,7.0
7365,13.0
7366,17.0
7367,19.0
7368,29.0
7369,31.0
7370,47.0
7371,59.0
7372,61.0
7373,71.0
7374,79.0
7375,97.0
7376,21.0
7377,27.0
7378,31.0
7379,43.0
7380,57.0
7381,61.0
7382,69.0
7383,73.0
7384,87.0
7385,91.0
7386,97.0
7387,3.0
7388,23.0
7389,29.0
7390,33.0
7391,41.0
7392,59.0
7393,11.0
7394,13.0
7395,17.0
7396,29.0
7397,37.0
7398,41.0
7399,79.0
7400,83.0
7401,9.0
7402,33.0
7403,49.0
7404,61.0
7405,67.0
7406,69.0
7407,81.0
7408,93.0
7409,9.0
7410,11.0
7411,17.0
7412,23.0
7413,27.0
7414,39.0
7415,53.0
7416,69.0
7417,77.0
7418,89.0
7419,7.0
7420,23.0
7421,29.0
7422,37.0
7423,47.0
7424,53.0
7425,67.0
7426,77.0
7427,89.0
7428,91.0
7429,1.0
7430,3.0
7431,7.0
7432,31.0
7433,37.0
7434,79.0
7435,3.0
7436,11.0
7437,21.0
7438,27.0
7439,33.0
7440,39.0
7441,41.0
7442,53.0
7443,57.0
7444,71.0
7445,77.0
7446,83.0
7447,11.0
7448,17.0
7449,19.0
7450,29.0
7451,41.0
7452,53.0
7453,59.0
7454,79.0
7455,83.0
7456,89.0
7457,3.0
7458,7.0
7459,9.0
7460,21.0
7461,31.0
7462,43.0
7463,67.0
7464,73.0
7465,81.0
7466,87.0
7467,93.0
7468,97.0
7469,21.0
7470,33.0
7471,53.0
7472,69.0
7473,83.0
7474,13.0
7475,31.0
7476,37.0
7477,41.0
7478,67.0
7479,79.0
7480,83.0
7481,89.0
7482,91.0
7483,97.0
7484,1.0
7485,3.0
7486,31.0
7487,39.0
7488,79.0
7489,81.0
7490,91.0
7491,99.0
7492,3.0
7493,23.0
7494,29.0
7495,47.0
7496,57.0
7497,59.0
7498,63.0
7499,7.0
7500,13.0
7501,31.0
7502,43.0
7503,49.0
7504,53.0
7505,59.0
7506,61.0
7507,83.0
7508,89.0
7509,3.0
7510,33.0
7511,43.0
7512,67.0
7513,69.0
7514,79.0
7515,87.0
7516,3.0
7517,21.0
7518,23.0
7519,41.0
7520,63.0
7521,71.0
7522,81.0
7523,87.0
7524,93.0
7525,7.0
7526,11.0
7527,19.0
7528,37.0
7529,41.0
7530,43.0
7531,61.0
7532,79.0
7533,97.0
7534,3.0
7535,7.0
7536,31.0
7537,49.0
7538,51.0
7539,67.0
7540,73.0
7541,79.0
7542,97.0
7543,17.0
7544,33.0
7545,53.0
7546,57.0
7547,71.0
7548,77.0
7549,81.0
7550,1.0
7551,19.0
7552,29.0
7553,31.0
7554,37.0
7555,47.0
7556,71.0
7557,73.0
7558,83.0
7559,7.0
7560,13.0
7561,19.0
7562,43.0
7563,49.0
7564,61.0
7565,63.0
7566,91.0
7567,3.0
7568,17.0
7569,23.0
7570,29.0
7571,41.0
7572,47.0
7573,69.0
7574,81.0
7575,93.0
7576,1.0
7577,37.0
7578,41.0
7579,53.0
7580,67.0
7581,71.0
7582,91.0
7583,1.0
7584,13.0
7585,37.0
7586,39.0
7587,43.0
7588,49.0
7589,61.0
7590,63.0
7591,67.0
7592,69.0
7593,79.0
7594,91.0
7595,17.0
7596,23.0
7597,39.0
7598,47.0
7599,51.0
7600,59.0
7601,69.0
7602,77.0
7603,83.0
7604,17.0
7605,19.0
7606,31.0
7607,47.0
7608,71.0
7609,77.0
7610,79.0
7611,89.0
7612,91.0
7613,9.0
7614,13.0
7615,21.0
7616,27.0
7617,43.0
7618,49.0
7619,51.0
7620,57.0
7621,63.0
7622,69.0
7623,73.0
7624,87.0
7625,91.0
7626,11.0
7627,17.0
7628,21.0
7629,41.0
7630,47.0
7631,59.0
7632,81.0
7633,87.0
7634,89.0
7635,99.0
7636,11.0
7637,13.0
7638,19.0
7639,23.0
7640,31.0
7641,43.0
7642,47.0
7643,61.0
7644,73.0
7645,83.0
7646,97.0
7647,1.0
7648,13.0
7649,39.0
7650,49.0
7651,63.0
7652,67.0
7653,93.0
7654,99.0
7655,29.0
7656,33.0
7657,51.0
7658,69.0
7659,77.0
7660,83.0
7661,99.0
7662,7.0
7663,17.0
7664,31.0
7665,41.0
7666,49.0
7667,59.0
7668,79.0
7669,1.0
7670,21.0
7671,37.0
7672,39.0
7673,57.0
7674,63.0
7675,67.0
7676,73.0
7677,79.0
7678,91.0
7679,93.0
7680,3.0
7681,29.0
7682,33.0
7683,41.0
7684,59.0
7685,77.0
7686,83.0
7687,1.0
7688,7.0
7689,11.0
7690,17.0
7691,41.0
7692,47.0
7693,67.0
7694,1.0
7695,27.0
7696,37.0
7697,39.0
7698,67.0
7699,79.0
7700,87.0
7701,97.0
7702,9.0
7703,11.0
7704,17.0
7705,39.0
7706,41.0
7707,53.0
7708,69.0
7709,71.0
7710,77.0
7711,83.0
7712,93.0
7713,7.0
7714,23.0
7715,43.0
7716,49.0
7717,53.0
7718,91.0
7719,97.0
7720,7.0
7721,13.0
7722,21.0
7723,37.0
7724,79.0
7725,81.0
7726,87.0
7727,91.0
7728,97.0
7729,3.0
7730,9.0
7731,23.0
7732,39.0
7733,53.0
7734,57.0
7735,77.0
7736,87.0
7737,89.0
7738,93.0
7739,1.0
7740,19.0
7741,29.0
7742,41.0
7743,77.0
7744,79.0
7745,89.0
7746,31.0
7747,39.0
7748,43.0
7749,63.0
7750,87.0
7751,3.0
7752,11.0
7753,33.0
7754,39.0
7755,47.0
7756,51.0
7757,53.0
7758,59.0
7759,81.0
7760,87.0
7761,93.0
7762,1.0
7763,29.0
7764,31.0
7765,41.0
7766,59.0
7767,73.0
7768,79.0
7769,83.0
7770,1.0
7771,9.0
7772,19.0
7773,33.0
7774,37.0
7775,49.0
7776,57.0
7777,67.0
7778,79.0
7779,93.0
7780,97.0
7781,99.0
7782,11.0
7783,23.0
7784,27.0
7785,33.0
7786,51.0
7787,81.0
7788,93.0
7789,31.0
7790,37.0
7791,49.0
7792,59.0
7793,61.0
7794,79.0
7795,89.0
7796,1.0
7797,9.0
7798,13.0
7799,21.0
7800,27.0
7801,31.0
7802,33.0
7803,57.0
7804,69.0
7805,87.0
7806,91.0
7807,93.0
7808,97.0
7809,99.0
7810,57.0
7811,69.0
7812,77.0
7813,1.0
7814,11.0
7815,13.0
7816,17.0
7817,23.0
7818,29.0
7819,41.0
7820,43.0
7821,47.0
7822,61.0
7823,67.0
7824,73.0
7825,89.0
7826,1.0
7827,3.0
7828,7.0
7829,39.0
7830,43.0
7831,67.0
7832,73.0
7833,79.0
7834,87.0
7835,97.0
7836,99.0
7837,21.0
7838,39.0
7839,51.0
7840,71.0
7841,77.0
7842,7.0
7843,11.0
7844,41.0
7845,47.0
7846,49.0
7847,53.0
7848,67.0
7849,73.0
7850,77.0
7851,91.0
7852,7.0
7853,9.0
7854,21.0
7855,31.0
7856,33.0
7857,39.0
7858,51.0
7859,63.0
7860,73.0
7861,79.0
7862,87.0
7863,9.0
7864,17.0
7865,29.0
7866,41.0
7867,47.0
7868,63.0
7869,69.0
7870,87.0
7871,7.0
7872,29.0
7873,47.0
7874,49.0
7875,71.0
7876,73.0
7877,89.0
7878,91.0
7879,13.0
7880,27.0
7881,37.0
7882,57.0
7883,67.0
7884,99.0
7885,3.0
7886,11.0
7887,21.0
7888,27.0
7889,29.0
7890,51.0
7891,57.0
7892,69.0
7893,71.0
7894,77.0
7895,81.0
7896,83.0
7897,87.0
7898,1.0
7899,13.0
7900,37.0
7901,47.0
7902,49.0
7903,61.0
7904,77.0
7905,79.0
7906,83.0
7907,89.0
7908,3.0
7909,9.0
7910,19.0
7911,31.0
7912,33.0
7913,49.0
7914,63.0
7915,97.0
7916,9.0
7917,11.0
7918,17.0
7919,23.0
7920,29.0
7921,33.0
7922,53.0
7923,63.0
7924,89.0
7925,1.0
7926,13.0
7927,17.0
7928,19.0
7929,23.0
7930,31.0
7931,41.0
7932,43.0
7933,47.0
7934,49.0
7935,71.0
7936,77.0
7937,83.0
7938,97.0
7939,1.0
7940,19.0
7941,31.0
7942,57.0
7943,63.0
7944,73.0
7945,81.0
7946,97.0
7947,99.0
7948,3.0
7949,23.0
7950,33.0
7951,39.0
7952,81.0
7953,83.0
7954,93.0
7955,99.0
7956,7.0
7957,31.0
7958,43.0
7959,49.0
7960,53.0
7961,59.0
7962,71.0
7963,73.0
7964,1.0
7965,9.0
7966,21.0
7967,39.0
7968,57.0
7969,63.0
7970,9.0
7971,17.0
7972,27.0
7973,33.0
7974,47.0
7975,51.0
7976,53.0
7977,59.0
7978,63.0
7979,69.0
7980,11.0
7981,19.0
7982,29.0
7983,37.0
7984,47.0
7985,49.0
7986,67.0
7987,71.0
7988,77.0
7989,89.0
7990,1.0
7991,3.0
7992,7.0
7993,27.0
7994,37.0
7995,49.0
7996,61.0
7997,69.0
7998,73.0
7999,99.0
8000,17.0
8001,39.0
8002,47.0
8003,53.0
8004,69.0
8005,83.0
8006,99.0
8007,1.0
8008,19.0
8009,29.0
8010,31.0
8011,37.0
8012,43.0
8013,53.0
8014,67.0
8015,71.0
8016,73.0
8017,3.0
8018,7.0
8019,9.0
8020,13.0
8021,21.0
8022,31.0
8023,37.0
8024,39.0
8025,51.0
8026,67.0
8027,73.0
8028,29.0
8029,39.0
8030,41.0
8031,53.0
8032,63.0
8033,71.0
8034,83.0
8035,89.0
8036,93.0
8037,7.0
8038,17.0
8039,19.0
8040,23.0
8041,31.0
8042,37.0
8043,41.0
8044,61.0
8045,67.0
8046,79.0
8047,1.0
8048,7.0
8049,39.0
8050,49.0
8051,51.0
8052,61.0
8053,73.0
8054,87.0
8055,93.0
8056,21.0
8057,57.0
8058,63.0
8059,69.0
8060,71.0
8061,83.0
8062,87.0
8063,93.0
8064,99.0
8065,7.0
8066,29.0
8067,31.0
8068,49.0
8069,59.0
8070,61.0
8071,67.0
8072,71.0
8073,91.0
8074,1.0
8075,9.0
8076,13.0
8077,19.0
8078,33.0
8079,51.0
8080,57.0
8081,99.0
8082,21.0
8083,23.0
8084,27.0
8085,29.0
8086,57.0
8087,59.0
8088,63.0
8089,81.0
8090,87.0
8091,93.0
8092,99.0
8093,11.0
8094,13.0
8095,37.0
8096,47.0
8097,83.0
8098,89.0
8099,91.0
8100,3.0
8101,13.0
8102,39.0
8103,63.0
8104,81.0
8105,97.0
8106,3.0
8107,9.0
8108,23.0
8109,47.0
8110,59.0
8111,63.0
8112,71.0
8113,77.0
8114,89.0
8115,93.0
8116,1.0
8117,17.0
8118,37.0
8119,77.0
8120,3.0
8121,7.0
8122,19.0
8123,21.0
8124,27.0
8125,31.0
8126,33.0
8127,43.0
8128,57.0
8129,67.0
8130,69.0
8131,73.0
8132,99.0
8133,11.0
8134,39.0
8135,41.0
8136,57.0
8137,83.0
8138,89.0
8139,99.0
8140,1.0
8141,7.0
8142,17.0
8143,23.0
8144,31.0
8145,37.0
8146,43.0
8147,49.0
8148,59.0
8149,71.0
8150,77.0
8151,97.0
8152,37.0
8153,57.0
8154,61.0
8155,63.0
8156,79.0
8157,91.0
8158,97.0
8159,9.0
8160,17.0
8161,21.0
8162,39.0
8163,41.0
8164,53.0
8165,63.0
8166,89.0
8167,1.0
8168,17.0
8169,19.0
8170,37.0
8171,61.0
8172,73.0
8173,77.0
8174,91.0
8175,13.0
8176,33.0
8177,43.0
8178,57.0
8179,69.0
8180,73.0
8181,91.0
8182,3.0
8183,11.0
8184,21.0
8185,33.0
8186,39.0
8187,69.0
8188,83.0
8189,87.0
8190,11.0
8191,17.0
8192,47.0
8193,53.0
8194,59.0
8195,61.0
8196,67.0
8197,89.0
8198,21.0
8199,27.0
8200,31.0
8201,37.0
8202,43.0
8203,63.0
8204,79.0
8205,81.0
8206,91.0
8207,99.0
8208,11.0
8209,21.0
8210,23.0
8211,29.0
8212,39.0
8213,47.0
8214,63.0
8215,99.0
8216,7.0
8217,13.0
8218,17.0
8219,19.0
8220,47.0
8221,49.0
8222,77.0
8223,89.0
8224,91.0
8225,1.0
8226,7.0
8227,21.0
8228,31.0
8229,37.0
8230,43.0
8231,49.0
8232,57.0
8233,63.0
8234,67.0
8235,81.0
8236,99.0
8237,3.0
8238,9.0
8239,21.0
8240,23.0
8241,33.0
8242,51.0
8243,59.0
8244,89.0
8245,29.0
8246,31.0
8247,49.0
8248,53.0
8249,59.0
8250,73.0
8251,91.0
8252,97.0
8253,1.0
8254,13.0
8255,19.0
8256,31.0
8257,37.0
8258,51.0
8259,61.0
8260,87.0
8261,93.0
8262,9.0
8263,11.0
8264,27.0
8265,57.0
8266,59.0
8267,69.0
8268,71.0
8269,13.0
8270,19.0
8271,47.0
8272,61.0
8273,67.0
8274,77.0
8275,79.0
8276,91.0
8277,9.0
8278,21.0
8279,27.0
8280,37.0
8281,49.0
8282,61.0
8283,81.0
8284,87.0
8285,91.0
8286,93.0
8287,3.0
8288,9.0
8289,21.0
8290,33.0
8291,47.0
8292,59.0
8293,93.0
8294,99.0
8295,1.0
8296,13.0
8297,23.0
8298,29.0
8299,37.0
8300,43.0
8301,47.0
8302,59.0
8303,97.0
8304,3.0
8305,13.0
8306,31.0
8307,33.0
8308,61.0
8309,63.0
8310,69.0
8311,81.0
8312,11.0
8313,27.0
8314,29.0
8315,39.0
8316,47.0
8317,51.0
8318,53.0
8319,69.0
8320,87.0
8321,13.0
8322,17.0
8323,23.0
8324,31.0
8325,49.0
8326,71.0
8327,77.0
8328,97.0
8329,1.0
8330,7.0
8331,19.0
8332,21.0
8333,27.0
8334,39.0
8335,43.0
8336,61.0
8337,67.0
8338,69.0
8339,91.0
8340,3.0
8341,11.0
8342,17.0
8343,33.0
8344,51.0
8345,81.0
8346,93.0
8347,17.0
8348,19.0
8349,29.0
8350,31.0
8351,37.0
8352,43.0
8353,47.0
8354,53.0
8355,89.0
8356,3.0
8357,9.0
8358,31.0
8359,33.0
8360,91.0
8361,99.0
8362,11.0
8363,17.0
8364,27.0
8365,29.0
8366,69.0
8367,77.0
8368,83.0
8369,11.0
8370,13.0
8371,17.0
8372,31.0
8373,37.0
8374,43.0
8375,61.0
8376,71.0
8377,79.0
8378,83.0
8379,97.0
8380,1.0
8381,9.0
8382,39.0
8383,43.0
8384,49.0
8385,57.0
8386,63.0
8387,69.0
8388,87.0
8389,91.0
8390,93.0
8391,97.0
8392,11.0
8393,23.0
8394,41.0
8395,51.0
8396,53.0
8397,57.0
8398,69.0
8399,71.0
8400,81.0
8401,89.0
8402,99.0
8403,13.0
8404,23.0
8405,41.0
8406,53.0
8407,61.0
8408,67.0
8409,77.0
8410,91.0
8411,1.0
8412,9.0
8413,31.0
8414,33.0
8415,39.0
8416,61.0
8417,73.0
8418,79.0
8419,87.0
8420,99.0
8421,27.0
8422,29.0
8423,77.0
8424,89.0
8425,93.0
8426,11.0
8427,19.0
8428,29.0
8429,43.0
8430,53.0
8431,67.0
8432,71.0
8433,83.0
8434,13.0
8435,37.0
8436,43.0
8437,51.0
8438,57.0
8439,61.0
8440,69.0
8441,23.0
8442,27.0
8443,29.0
8444,39.0
8445,51.0
8446,59.0
8447,69.0
8448,81.0
8449,93.0
8450,11.0
8451,13.0
8452,37.0
8453,41.0
8454,49.0
8455,71.0
8456,83.0
8457,3.0
8458,7.0
8459,19.0
8460,21.0
8461,33.0
8462,49.0
8463,51.0
8464,79.0
8465,81.0
8466,87.0
8467,11.0
8468,21.0
8469,23.0
8470,51.0
8471,53.0
8472,57.0
8473,77.0
8474,81.0
8475,93.0
8476,99.0
8477,13.0
8478,17.0
8479,23.0
8480,37.0
8481,59.0
8482,83.0
8483,3.0
8484,7.0
8485,21.0
8486,27.0
8487,33.0
8488,43.0
8489,73.0
8490,81.0
8491,91.0
8492,9.0
8493,11.0
8494,17.0
8495,23.0
8496,39.0
8497,41.0
8498,47.0
8499,53.0
8500,57.0
8501,59.0
8502,83.0
8503,87.0
8504,89.0
8505,13.0
8506,23.0
8507,29.0
8508,31.0
8509,41.0
8510,43.0
8511,49.0
8512,71.0
8513,79.0
8514,83.0
8515,91.0
8516,97.0
8517,1.0
8518,19.0
8519,21.0
8520,39.0
8521,43.0
8522,51.0
8523,67.0
8524,93.0
8525,97.0
8526,3.0
8527,11.0
8528,33.0
8529,53.0
8530,69.0
8531,77.0
8532,81.0
8533,87.0
8534,11.0
8535,17.0
8536,31.0
8537,43.0
8538,59.0
8539,61.0
8540,73.0
8541,77.0
8542,91.0
8543,1.0
8544,3.0
8545,7.0
8546,19.0
8547,37.0
8548,69.0
8549,79.0
8550,93.0
8551,17.0
8552,29.0
8553,69.0
8554,77.0
8555,11.0
8556,23.0
8557,37.0
8558,41.0
8559,59.0
8560,61.0
8561,89.0
8562,1.0
8563,21.0
8564,27.0
8565,37.0
8566,39.0
8567,79.0
8568,97.0
8569,11.0
8570,23.0
8571,27.0
8572,63.0
8573,69.0
8574,71.0
8575,93.0
8576,99.0
8577,13.0
8578,23.0
8579,47.0
8580,89.0
8581,91.0
8582,7.0
8583,9.0
8584,43.0
8585,51.0
8586,57.0
8587,61.0
8588,63.0
8589,67.0
8590,81.0
8591,21.0
8592,29.0
8593,41.0
8594,47.0
8595,71.0
8596,89.0
8597,93.0
8598,99.0
8599,1.0
8600,7.0
8601,11.0
8602,13.0
8603,17.0
8604,19.0
8605,43.0
8606,53.0
8607,61.0
8608,67.0
8609,73.0
8610,83.0
8611,97.0
8612,3.0
8613,19.0
8614,37.0
8615,51.0
8616,69.0
8617,93.0
8618,97.0
8619,3.0
8620,9.0
8621,17.0
8622,21.0
8623,41.0
8624,51.0
8625,57.0
8626,69.0
8627,71.0
8628,83.0
8629,87.0
8630,1.0
8631,7.0
8632,13.0
8633,19.0
8634,23.0
8635,37.0
8636,53.0
8637,89.0
8638,3.0
8639,9.0
8640,13.0
8641,27.0
8642,31.0
8643,37.0
8644,61.0
8645,69.0
8646,73.0
8647,93.0
8648,3.0
8649,17.0
8650,29.0
8651,63.0
8652,71.0
8653,81.0
8654,87.0
8655,93.0
8656,99.0
8657,13.0
8658,17.0
8659,31.0
8660,43.0
8661,49.0
8662,59.0
8663,77.0
8664,91.0
8665,1.0
8666,13.0
8667,19.0
8668,21.0
8669,27.0
8670,33.0
8671,61.0
8672,63.0
8673,67.0
8674,91.0
8675,97.0
8676,99.0
8677,3.0
8678,11.0
8679,27.0
8680,33.0
8681,53.0
8682,57.0
8683,59.0
8684,69.0
8685,71.0
8686,81.0
8687,89.0
8688,53.0
8689,59.0
8690,67.0
8691,79.0
8692,83.0
8693,97.0
8694,9.0
8695,19.0
8696,21.0
8697,33.0
8698,39.0
8699,49.0
8700,67.0
8701,91.0
8702,97.0
8703,99.0
8704,9.0
8705,17.0
8706,23.0
8707,39.0
8708,59.0
8709,63.0
8710,77.0
8711,83.0
8712,89.0
8713,1.0
8714,7.0
8715,11.0
8716,17.0
8717,19.0
8718,23.0
8719,31.0
8720,53.0
8721,59.0
8722,67.0
8723,71.0
8724,73.0
8725,89.0
8726,7.0
8727,21.0
8728,27.0
8729,49.0
8730,63.0
8731,73.0
8732,87.0
8733,91.0
8734,97.0
8735,99.0
8736,3.0
8737,17.0
8738,27.0
8739,39.0
8740,47.0
8741,63.0
8742,71.0
8743,81.0
8744,89.0
8745,13.0
8746,53.0
8747,59.0
8748,71.0
8749,73.0
8750,79.0
8751,97.0
8752,1.0
8753,3.0
8754,7.0
8755,37.0
8756,39.0
8757,69.0
8758,73.0
8759,81.0
8760,99.0
8761,11.0
8762,23.0
8763,27.0
8764,29.0
8765,33.0
8766,47.0
8767,83.0
8768,99.0
8769,17.0
8770,19.0
8771,31.0
8772,41.0
8773,47.0
8774,59.0
8775,77.0
8776,79.0
8777,97.0
8778,3.0
8779,9.0
8780,31.0
8781,49.0
8782,87.0
8783,93.0
8784,3.0
8785,21.0
8786,23.0
8787,33.0
8788,41.0
8789,47.0
8790,63.0
8791,87.0
8792,1.0
8793,7.0
8794,11.0
8795,17.0
8796,31.0
8797,47.0
8798,71.0
8799,77.0
8800,89.0
8801,97.0
8802,9.0
8803,19.0
8804,33.0
8805,79.0
8806,81.0
8807,97.0
8808,99.0
8809,21.0
8810,27.0
8811,29.0
8812,39.0
8813,41.0
8814,51.0
8815,53.0
8816,59.0
8817,63.0
8818,83.0
8819,93.0
8820,99.0
8821,29.0
8822,37.0
8823,43.0
8824,49.0
8825,53.0
8826,83.0
8827,91.0
8828,97.0
8829,3.0
8830,9.0
8831,31.0
8832,67.0
8833,69.0
8834,73.0
8835,81.0
8836,87.0
8837,93.0
8838,97.0
8839,11.0
8840,23.0
8841,33.0
8842,53.0
8843,57.0
8844,59.0
8845,63.0
8846,93.0
8847,99.0
8848,13.0
8849,29.0
8850,41.0
8851,71.0
8852,73.0
8853,77.0
8854,83.0
8855,91.0
8856,21.0
8857,31.0
8858,39.0
8859,73.0
8860,91.0
8861,3.0
8862,11.0
8863,33.0
8864,53.0
8865,57.0
8866,71.0
8867,81.0
8868,1.0
8869,7.0
8870,11.0
8871,13.0
8872,23.0
8873,37.0
8874,41.0
8875,67.0
8876,73.0
8877,9.0
8878,21.0
8879,39.0
8880,43.0
8881,51.0
8882,57.0
8883,61.0
8884,67.0
8885,69.0
8886,97.0
8887,3.0
8888,9.0
8889,33.0
8890,41.0
8891,51.0
8892,77.0
8893,83.0
8894,7.0
8895,11.0
8896,19.0
8897,43.0
8898,53.0
8899,73.0
8900,77.0
8901,79.0
8902,89.0
8903,3.0
8904,19.0
8905,21.0
8906,27.0
8907,33.0
8908,37.0
8909,43.0
8910,51.0
8911,69.0
8912,97.0
8913,11.0
8914,17.0
8915,33.0
8916,47.0
8917,53.0
8918,57.0
8919,63.0
8920,69.0
8921,77.0
8922,81.0
8923,83.0
8924,87.0
8925,99.0
8926,1.0
8927,13.0
8928,19.0
8929,31.0
8930,59.0
8931,61.0
8932,67.0
8933,79.0
8934,89.0
8935,3.0
8936,7.0
8937,51.0
8938,57.0
8939,67.0
8940,69.0
8941,81.0
8942,93.0
8943,23.0
8944,27.0
8945,39.0
8946,41.0
8947,47.0
8948,57.0
8949,69.0
8950,71.0
8951,81.0
8952,83.0
8953,93.0
8954,99.0
8955,7.0
8956,17.0
8957,23.0
8958,37.0
8959,53.0
8960,61.0
8961,67.0
8962,79.0
8963,89.0
8964,91.0
8965,1.0
8966,9.0
8967,21.0
8968,31.0
8969,49.0
8970,57.0
8971,61.0
8972,63.0
8973,67.0
8974,93.0
8975,99.0
8976,21.0
8977,27.0
8978,41.0
8979,51.0
8980,57.0
8981,59.0
8982,87.0
8983,93.0
8984,1.0
8985,47.0
8986,53.0
8987,59.0
8988,77.0
8989,83.0
8990,89.0
8991,97.0
8992,3.0
8993,13.0
8994,31.0
8995,33.0
8996,39.0
8997,51.0
8998,69.0
8999,79.0
9000,87.0
9001,99.0
9002,29.0
9003,39.0
9004,41.0
9005,51.0
9006,53.0
9007,57.0
9008,63.0
9009,81.0
9010,83.0
9011,87.0
9012,7.0
9013,19.0
9014,23.0
9015,29.0
9016,37.0
9017,71.0
9018,77.0
9019,83.0
9020,7.0
9021,19.0
9022,27.0
9023,63.0
9024,79.0
9025,81.0
9026,87.0
9027,91.0
9028,93.0
9029,97.0
9030,3.0
9031,23.0
9032,29.0
9033,53.0
9034,57.0
9035,59.0
9036,63.0
9037,81.0
9038,1.0
9039,7.0
9040,29.0
9041,37.0
9042,83.0
9043,1.0
9044,3.0
9045,19.0
9046,39.0
9047,61.0
9048,63.0
9049,87.0
9050,9.0
9051,11.0
9052,27.0
9053,51.0
9054,71.0
9055,87.0
9056,89.0
9057,93.0
9058,1.0
9059,11.0
9060,13.0
9061,23.0
9062,37.0
9063,41.0
9064,49.0
9065,67.0
9066,71.0
9067,79.0
9068,83.0
9069,97.0
9070,7.0
9071,9.0
9072,33.0
9073,49.0
9074,57.0
9075,63.0
9076,79.0
9077,99.0
9078,9.0
9079,11.0
9080,17.0
9081,21.0
9082,51.0
9083,53.0
9084,69.0
9085,1.0
9086,7.0
9087,19.0
9088,29.0
9089,53.0
9090,61.0
9091,73.0
9092,91.0
9093,7.0
9094,9.0
9095,21.0
9096,27.0
9097,31.0
9098,43.0
9099,49.0
9100,51.0
9101,79.0
9102,97.0
9103,99.0
9104,21.0
9105,27.0
9106,33.0
9107,39.0
9108,41.0
9109,47.0
9110,63.0
9111,77.0
9112,83.0
9113,13.0
9114,29.0
9115,31.0
9116,41.0
9117,43.0
9118,47.0
9119,59.0
9120,61.0
9121,73.0
9122,83.0
9123,97.0
9124,3.0
9125,13.0
9126,21.0
9127,49.0
9128,51.0
9129,87.0
9130,93.0
9131,9.0
9132,23.0
9133,27.0
9134,47.0
9135,71.0
9136,77.0
9137,81.0
9138,89.0
9139,93.0
9140,11.0
9141,19.0
9142,23.0
9143,37.0
9144,41.0
9145,47.0
9146,49.0
9147,73.0
9148,89.0
9149,3.0
9150,7.0
9151,33.0
9152,49.0
9153,51.0
9154,61.0
9155,93.0
9156,99.0
9157,3.0
9158,9.0
9159,21.0
9160,27.0
9161,63.0
9162,71.0
9163,83.0
9164,87.0
9165,89.0
9166,93.0
9167,1.0
9168,7.0
9169,11.0
9170,31.0
9171,43.0
9172,53.0
9173,77.0
9174,89.0
9175,91.0
9176,3.0
9177,13.0
9178,19.0
9179,31.0
9180,33.0
9181,39.0
9182,57.0
9183,61.0
9184,67.0
9185,73.0
9186,79.0
9187,87.0
9188,11.0
9189,17.0
9190,27.0
9191,39.0
9192,69.0
9193,83.0
9194,93.0
9195,1.0
9196,13.0
9197,19.0
9198,29.0
9199,41.0
9200,43.0
9201,61.0
9202,67.0
9203,71.0
9204,79.0
9205,83.0
9206,7.0
9207,27.0
9208,31.0
9209,39.0
9210,49.0
9211,61.0
9212,69.0
9213,81.0
9214,97.0
9215,3.0
9216,17.0
9217,21.0
9218,29.0
9219,33.0
9220,51.0
9221,1.0
9222,7.0
9223,13.0
9224,17.0
9225,23.0
9226,31.0
9227,37.0
9228,47.0
9229,73.0
9230,83.0
9231,89.0
9232,91.0
9233,1.0
9234,3.0
9235,13.0
9236,19.0
9237,57.0
9238,69.0
9239,73.0
9240,81.0
9241,91.0
9242,11.0
9243,17.0
9244,23.0
9245,29.0
9246,47.0
9247,57.0
9248,59.0
9249,71.0
9250,87.0
9251,89.0
9252,1.0
9253,13.0
9254,17.0
9255,43.0
9256,53.0
9257,59.0
9258,79.0
9259,97.0
9260,37.0
9261,49.0
9262,57.0
9263,67.0
9264,79.0
9265,81.0
9266,99.0
9267,11.0
9268,21.0
9269,23.0
9270,33.0
9271,59.0
9272,63.0
9273,69.0
9274,81.0
9275,89.0
9276,93.0
9277,23.0
9278,29.0
9279,31.0
9280,37.0
9281,53.0
9282,77.0
9283,1.0
9284,19.0
9285,31.0
9286,43.0
9287,51.0
9288,57.0
9289,61.0
9290,69.0
9291,79.0
9292,87.0
9293,93.0
9294,97.0
9295,17.0
9296,27.0
9297,53.0
9298,57.0
9299,81.0
9300,87.0
9301,89.0
9302,1.0
9303,43.0
9304,61.0
9305,67.0
9306,71.0
9307,97.0
9308,3.0
9309,31.0
9310,37.0
9311,39.0
9312,49.0
9313,57.0
9314,63.0
9315,69.0
9316,79.0
9317,87.0
9318,97.0
9319,99.0
9320,21.0
9321,23.0
9322,27.0
9323,47.0
9324,51.0
9325,57.0
9326,93.0
9327,7.0
9328,11.0
9329,31.0
9330,53.0
9331,59.0
9332,73.0
9333,79.0
9334,89.0
9335,97.0
9336,1.0
9337,3.0
9338,7.0
9339,21.0
9340,39.0
9341,73.0
9342,81.0
9343,3.0
9344,17.0
9345,27.0
9346,51.0
9347,57.0
9348,59.0
9349,69.0
9350,71.0
9351,77.0
9352,87.0
9353,13.0
9354,31.0
9355,41.0
9356,59.0
9357,83.0
9358,1.0
9359,3.0
9360,27.0
9361,67.0
9362,69.0
9363,73.0
9364,79.0
9365,81.0
9366,87.0
9367,97.0
9368,23.0
9369,29.0
9370,41.0
9371,53.0
9372,59.0
9373,63.0
9374,99.0
9375,1.0
9376,11.0
9377,23.0
9378,47.0
9379,49.0
9380,53.0
9381,61.0
9382,71.0
9383,77.0
9384,79.0
9385,83.0
9386,7.0
9387,9.0
9388,13.0
9389,49.0
9390,51.0
9391,73.0
9392,87.0
9393,11.0
9394,29.0
9395,71.0
9396,77.0
9397,87.0
9398,89.0
9399,13.0
9400,29.0
9401,41.0
9402,43.0
9403,47.0
9404,49.0
9405,59.0
9406,61.0
9407,71.0
9408,79.0
9409,83.0
9410,19.0
9411,27.0
9412,31.0
9413,43.0
9414,61.0
9415,67.0
9416,73.0
9417,87.0
9418,9.0
9419,11.0
9420,17.0
9421,41.0
9422,47.0
9423,57.0
9424,81.0
9425,1.0
9426,23.0
9427,29.0
9428,43.0
9429,79.0
9430,7.0
9431,13.0
9432,21.0
9433,27.0
9434,51.0
9435,57.0
9436,69.0
9437,97.0
9438,99.0
9439,17.0
9440,21.0
9441,23.0
9442,27.0
9443,47.0
9444,69.0
9445,77.0
9446,87.0
9447,89.0
9448,7.0
9449,11.0
9450,19.0
9451,29.0
9452,43.0
9453,53.0
9454,59.0
9455,67.0
9456,73.0
9457,79.0
9458,91.0
9459,7.0
9460,19.0
9461,33.0
9462,43.0
9463,61.0
9464,63.0
9465,73.0
9466,97.0
9467,21.0
9468,27.0
9469,39.0
9470,41.0
9471,63.0
9472,69.0
9473,89.0
9474,11.0
9475,13.0
9476,17.0
9477,29.0
9478,31.0
9479,37.0
9480,73.0
9481,79.0
9482,1.0
9483,7.0
9484,9.0
9485,37.0
9486,49.0
9487,67.0
9488,69.0
9489,73.0
9490,87.0
9491,93.0
9492,97.0
9493,99.0
9494,9.0
9495,11.0
9496,27.0
9497,29.0
9498,39.0
9499,47.0
9500,53.0
9501,63.0
9502,81.0
9503,93.0
9504,99.0
9505,13.0
9506,17.0
9507,23.0
9508,41.0
9509,53.0
9510,79.0
9511,83.0
9512,89.0
9513,3.0
9514,9.0
9515,19.0
9516,31.0
9517,33.0
9518,37.0
9519,39.0
9520,49.0
9521,73.0
9522,81.0
9523,91.0
9524,23.0
9525,33.0
9526,41.0
9527,51.0
9528,57.0
9529,59.0
9530,77.0
9531,89.0
9532,17.0
9533,47.0
9534,49.0
9535,67.0
9536,71.0
9537,77.0
9538,91.0
9539,97.0
9540,1.0
9541,9.0
9542,31.0
9543,39.0
9544,69.0
9545,87.0
9546,97.0
9547,23.0
9548,27.0
9549,29.0
9550,51.0
9551,59.0
9552,63.0
9553,71.0
9554,77.0
9555,81.0
9556,7.0
9557,11.0
9558,23.0
9559,43.0
9560,61.0
9561,67.0
9562,79.0
9563,89.0
9564,7.0
9565,9.0
9566,13.0
9567,19.0
9568,21.0
9569,33.0
9570,61.0
9571,67.0
9572,87.0
9573,93.0
9574,9.0
9575,17.0
9576,23.0
9577,29.0
9578,33.0
9579,39.0
9580,59.0
9581,71.0
9582,77.0
9583,81.0
9584,1.0
9585,7.0
9586,23.0
9587,29.0
9588,61.0
9589,71.0
9590,89.0
9591,91.0
9592,3.0
9593,19.0
9594,43.0
9595,49.0
9596,57.0
9597,69.0
9598,3.0
9599,9.0
9600,29.0
9601,51.0
9602,53.0
9603,69.0
9604,83.0
9605,89.0
9606,93.0
9607,7.0
9608,13.0
9609,37.0
9610,67.0
9611,71.0
9612,79.0
9613,91.0
9614,97.0
9615,13.0
9616,33.0
9617,43.0
9618,57.0
9619,61.0
9620,63.0
9621,79.0
9622,91.0
9623,93.0
9624,3.0
9625,11.0
9626,17.0
9627,47.0
9628,59.0
9629,69.0
9630,83.0
9631,93.0
9632,1.0
9633,11.0
9634,17.0
9635,19.0
9636,23.0
9637,37.0
9638,47.0
9639,49.0
9640,59.0
9641,91.0
9642,9.0
9643,13.0
9644,21.0
9645,49.0
9646,69.0
9647,73.0
9648,93.0
9649,99.0
9650,3.0
9651,33.0
9652,41.0
9653,47.0
9654,69.0
9655,87.0
9656,99.0
9657,1.0
9658,11.0
9659,23.0
9660,29.0
9661,47.0
9662,53.0
9663,7.0
9664,13.0
9665,27.0
9666,31.0
9667,37.0
9668,43.0
9669,57.0
9670,81.0
9671,87.0
9672,99.0
9673,9.0
9674,21.0
9675,27.0
9676,51.0
9677,63.0
9678,81.0
9679,89.0
9680,7.0
9681,11.0
9682,13.0
9683,17.0
9684,19.0
9685,41.0
9686,49.0
9687,59.0
9688,61.0
9689,73.0
9690,83.0
9691,97.0
9692,3.0
9693,7.0
9694,9.0
9695,21.0
9696,67.0
9697,73.0
9698,79.0
9699,81.0
9700,87.0
9701,93.0
9702,23.0
9703,33.0
9704,41.0
9705,47.0
9706,59.0
9707,63.0
9708,77.0
9709,83.0
9710,99.0
9711,11.0
9712,19.0
9713,29.0
9714,49.0
9715,67.0
9716,77.0
9717,83.0
9718,89.0
9719,1.0
9720,3.0
9721,13.0
9722,27.0
9723,31.0
9724,33.0
9725,37.0
9726,61.0
9727,73.0
9728,81.0
9729,99.0
9730,3.0
9731,11.0
9732,27.0
9733,41.0
9734,53.0
9735,63.0
9736,81.0
9737,93.0
9738,1.0
9739,19.0
9740,23.0
9741,37.0
9742,41.0
9743,47.0
9744,49.0
9745,71.0
9746,89.0
9747,97.0
9748,7.0
9749,33.0
9750,37.0
9751,39.0
9752,63.0
9753,69.0
9754,73.0
9755,79.0
9756,91.0
9757,17.0
9758,21.0
9759,29.0
9760,39.0
9761,57.0
9762,63.0
9763,77.0
9764,87.0
9765,99.0
9766,1.0
9767,13.0
9768,19.0
9769,23.0
9770,31.0
9771,43.0
9772,59.0
9773,61.0
9774,71.0
9775,77.0
9776,79.0
9777,1.0
9778,3.0
9779,7.0
9780,21.0
9781,39.0
9782,49.0
9783,61.0
9784,81.0
9785,91.0
9786,97.0
9787,99.0
9788,3.0
9789,17.0
9790,29.0
9791,33.0
9792,41.0
9793,51.0
9794,53.0
9795,59.0
9796,93.0
9797,99.0
9798,1.0
9799,17.0
9800,29.0
9801,37.0
9802,59.0
9803,67.0
9804,97.0
9805,7.0
9806,9.0
9807,33.0
9808,37.0
9809,51.0
9810,61.0
9811,81.0
9812,97.0
9813,99.0
9814,3.0
9815,23.0
9816,33.0
9817,39.0
9818,47.0
9819,51.0
9820,59.0
9821,63.0
9822,87.0
9823,93.0
9824,7.0
9825,11.0
9826,43.0
9827,47.0
9828,53.0
9829,67.0
9830,73.0
9831,77.0
9832,79.0
9833,1.0
9834,61.0
9835,63.0
9836,69.0
9837,93.0
9838,97.0
9839,11.0
9840,29.0
9841,41.0
9842,59.0
9843,71.0
9844,77.0
9845,81.0
9846,11.0
9847,13.0
9848,29.0
9849,31.0
9850,53.0
9851,67.0
9852,83.0
9853,1.0
9854,7.0
9855,43.0
9856,49.0
9857,67.0
9858,69.0
9859,79.0
9860,87.0
9861,91.0
9862,93.0
9863,99.0
9864,23.0
9865,41.0
9866,71.0
9867,77.0
9868,83.0
9869,17.0
9870,31.0
9871,37.0
9872,89.0
9873,91.0
9874,7.0
9875,19.0
9876,33.0
9877,49.0
9878,57.0
9879,87.0
9880,91.0
9881,93.0
9882,99.0
9883,9.0
9884,21.0
9885,23.0
9886,51.0
9887,57.0
9888,71.0
9889,83.0
9890,11.0
9891,29.0
9892,49.0
9893,53.0
9894,61.0
9895,67.0
9896,73.0
9897,77.0
9898,83.0
9899,91.0
9900,13.0
9901,19.0
9902,43.0
9903,51.0
9904,57.0
9905,69.0
9906,81.0
9907,87.0
9908,99.0
9909,3.0
9910,23.0
9911,69.0
9912,87.0
9913,1.0
9914,11.0
9915,13.0
9916,37.0
9917,41.0
9918,43.0
9919,67.0
9920,89.0
9921,3.0
9922,13.0
9923,19.0
9924,51.0
9925,63.0
9926,67.0
9927,69.0
9928,79.0
9929,81.0
9930,91.0
9931,93.0
9932,97.0
9933,3.0
9934,9.0
9935,21.0
9936,33.0
9937,47.0
9938,53.0
9939,59.0
9940,87.0
9941,89.0
9942,7.0
9943,13.0
9944,19.0
9945,23.0
9946,47.0
9947,49.0
9948,61.0
9949,73.0
9950,79.0
9951,83.0
9952,7.0
9953,31.0
9954,33.0
9955,39.0
9956,43.0
9957,81.0
9958,87.0
9959,97.0
9960,9.0
9961,11.0
9962,23.0
9963,27.0
9964,47.0
9965,69.0
9966,81.0
9967,83.0
9968,93.0
9969,99.0
9970,17.0
9971,59.0
9972,71.0
9973,73.0
9974,79.0
9975,91.0
9976,13.0
9977,27.0
9978,37.0
9979,43.0
9980,49.0
9981,51.0
9982,61.0
9983,79.0
9984,93.0
9985,97.0
9986,23.0
9987,39.0
9988,51.0
9989,59.0
9990,77.0
9991,81.0
9992,83.0
9993,93.0
9994,1.0
9995,7.0
9996,11.0
9997,17.0
9998,23.0
9999,29.0
